device_id,device_name,department,event_date,uptime_percentage,security_score,update_pending
DEV-00001,Device-1,HR,2025-11-24,92.37,91,2
DEV-00002,Device-2,Operations,2025-11-24,94.77,71,4
DEV-00003,Device-3,Marketing,2025-11-24,89.41,94,3
DEV-00004,Device-4,Sales,2025-11-24,97.78,98,1
DEV-00005,Device-5,Marketing,2025-11-24,97.05,91,2
DEV-00006,Device-6,IT,2025-11-24,87.65,90,0
DEV-00007,Device-7,IT,2025-11-24,93.13,96,5
DEV-00008,Device-8,Operations,2025-11-24,98.77,90,1
DEV-00009,Device-9,HR,2025-11-24,98.82,86,1
DEV-00010,Device-10,HR,2025-11-24,91.25,98,4
DEV-00011,Device-11,IT,2025-11-24,99.51,82,2
DEV-00012,Device-12,Marketing,2025-11-24,85.98,92,5
DEV-00013,Device-13,Sales,2025-11-24,91.46,77,1
DEV-00014,Device-14,HR,2025-11-24,96.87,95,1
DEV-00015,Device-15,Marketing,2025-11-24,99.98,92,3
DEV-00016,Device-16,Finance,2025-11-24,98.24,95,3
DEV-00017,Device-17,Finance,2025-11-24,94.87,72,1
DEV-00018,Device-18,Operations,2025-11-24,91.15,87,5
DEV-00019,Device-19,Finance,2025-11-24,93.78,77,3
DEV-00020,Device-20,Operations,2025-11-24,91.05,100,2
DEV-00021,Device-21,Marketing,2025-11-24,92.15,95,4
DEV-00022,Device-22,Operations,2025-11-24,97.96,96,2
DEV-00023,Device-23,HR,2025-11-24,88.79,81,4
DEV-00024,Device-24,Finance,2025-11-24,94.85,86,0
DEV-00025,Device-25,Marketing,2025-11-24,86.15,100,0
DEV-00026,Device-26,Finance,2025-11-24,96.81,92,4
DEV-00027,Device-27,Marketing,2025-11-24,91.32,88,2
DEV-00028,Device-28,Operations,2025-11-24,89.79,71,0
DEV-00029,Device-29,Marketing,2025-11-24,90.11,90,3
DEV-00030,Device-30,Sales,2025-11-24,97.37,95,1
DEV-00031,Device-31,Marketing,2025-11-24,97.49,73,3
DEV-00032,Device-32,Finance,2025-11-24,94.43,92,2
DEV-00033,Device-33,Finance,2025-11-24,86.26,85,3
DEV-00034,Device-34,HR,2025-11-24,88.27,87,0
DEV-00035,Device-35,HR,2025-11-24,98.97,100,0
DEV-00036,Device-36,HR,2025-11-24,97.93,78,1
DEV-00037,Device-37,Marketing,2025-11-24,91.77,92,4
DEV-00038,Device-38,Operations,2025-11-24,93.39,74,1
DEV-00039,Device-39,IT,2025-11-24,98.45,71,3
DEV-00040,Device-40,HR,2025-11-24,87.37,92,2
DEV-00041,Device-41,Operations,2025-11-24,94.53,89,4
DEV-00042,Device-42,Sales,2025-11-24,89.17,95,4
DEV-00043,Device-43,IT,2025-11-24,91.9,82,3
DEV-00044,Device-44,HR,2025-11-24,91.32,71,1
DEV-00045,Device-45,Finance,2025-11-24,90.33,77,4
DEV-00046,Device-46,Operations,2025-11-24,85.81,99,3
DEV-00047,Device-47,IT,2025-11-24,86.14,84,2
DEV-00048,Device-48,Operations,2025-11-24,86.09,93,0
DEV-00049,Device-49,HR,2025-11-24,88.23,77,4
DEV-00050,Device-50,IT,2025-11-24,85.92,79,5
DEV-00051,Device-51,Finance,2025-11-24,91.55,97,4
DEV-00052,Device-52,Marketing,2025-11-24,96.47,80,2
DEV-00053,Device-53,IT,2025-11-24,90.2,83,4
DEV-00054,Device-54,Finance,2025-11-24,89.68,86,2
DEV-00055,Device-55,IT,2025-11-24,86.31,86,2
DEV-00056,Device-56,IT,2025-11-24,88.58,92,4
DEV-00057,Device-57,HR,2025-11-24,94.08,75,1
DEV-00058,Device-58,IT,2025-11-24,96.46,82,2
DEV-00059,Device-59,Finance,2025-11-24,87.53,83,1
DEV-00060,Device-60,Marketing,2025-11-24,86.72,74,5
DEV-00061,Device-61,Operations,2025-11-24,94.24,99,0
DEV-00062,Device-62,Operations,2025-11-24,87.52,94,5
DEV-00063,Device-63,Sales,2025-11-24,88.33,96,0
DEV-00064,Device-64,Sales,2025-11-24,95.68,70,1
DEV-00065,Device-65,Operations,2025-11-24,98.0,89,5
DEV-00066,Device-66,HR,2025-11-24,94.96,81,1
DEV-00067,Device-67,Finance,2025-11-24,88.71,94,5
DEV-00068,Device-68,Marketing,2025-11-24,87.15,83,4
DEV-00069,Device-69,Sales,2025-11-24,96.64,79,3
DEV-00070,Device-70,Marketing,2025-11-24,86.99,87,3
DEV-00071,Device-71,HR,2025-11-24,96.04,86,0
DEV-00072,Device-72,Sales,2025-11-24,90.56,87,1
DEV-00073,Device-73,Operations,2025-11-24,91.37,85,3
DEV-00074,Device-74,Finance,2025-11-24,97.49,89,3
DEV-00075,Device-75,Sales,2025-11-24,91.07,85,4
DEV-00076,Device-76,Marketing,2025-11-24,96.89,92,1
DEV-00077,Device-77,Sales,2025-11-24,86.01,80,0
DEV-00078,Device-78,Marketing,2025-11-24,94.06,79,4
DEV-00079,Device-79,IT,2025-11-24,95.58,82,3
DEV-00080,Device-80,Finance,2025-11-24,86.43,98,5
DEV-00081,Device-81,Marketing,2025-11-24,93.58,91,1
DEV-00082,Device-82,Marketing,2025-11-24,85.39,77,1
DEV-00083,Device-83,IT,2025-11-24,95.11,71,5
DEV-00084,Device-84,Operations,2025-11-24,98.36,76,4
DEV-00085,Device-85,Sales,2025-11-24,90.99,80,4
DEV-00086,Device-86,Operations,2025-11-24,96.83,71,5
DEV-00087,Device-87,Sales,2025-11-24,89.59,81,5
DEV-00088,Device-88,Sales,2025-11-24,87.58,77,5
DEV-00089,Device-89,Marketing,2025-11-24,92.71,85,5
DEV-00090,Device-90,IT,2025-11-24,95.66,78,3
DEV-00091,Device-91,Sales,2025-11-24,86.48,80,4
DEV-00092,Device-92,Operations,2025-11-24,94.86,99,1
DEV-00093,Device-93,IT,2025-11-24,97.2,79,5
DEV-00094,Device-94,IT,2025-11-24,96.19,100,5
DEV-00095,Device-95,Finance,2025-11-24,88.68,80,4
DEV-00096,Device-96,Finance,2025-11-24,94.34,78,1
DEV-00097,Device-97,Sales,2025-11-24,95.01,70,3
DEV-00098,Device-98,HR,2025-11-24,95.92,91,1
DEV-00099,Device-99,Finance,2025-11-24,97.04,95,5
DEV-00100,Device-100,Sales,2025-11-24,91.57,99,2
DEV-00101,Device-101,Marketing,2025-11-24,88.6,72,5
DEV-00102,Device-102,HR,2025-11-24,86.32,100,2
DEV-00103,Device-103,IT,2025-11-24,96.79,91,1
DEV-00104,Device-104,IT,2025-11-24,99.53,85,5
DEV-00105,Device-105,HR,2025-11-24,90.22,100,2
DEV-00106,Device-106,IT,2025-11-24,95.97,87,4
DEV-00107,Device-107,Finance,2025-11-24,94.17,93,4
DEV-00108,Device-108,HR,2025-11-24,88.44,83,5
DEV-00109,Device-109,Sales,2025-11-24,94.85,85,0
DEV-00110,Device-110,Sales,2025-11-24,95.47,92,3
DEV-00111,Device-111,HR,2025-11-24,96.58,82,3
DEV-00112,Device-112,Marketing,2025-11-24,89.56,74,2
DEV-00113,Device-113,Marketing,2025-11-24,89.49,75,0
DEV-00114,Device-114,Marketing,2025-11-24,97.02,78,0
DEV-00115,Device-115,HR,2025-11-24,97.92,99,5
DEV-00116,Device-116,Marketing,2025-11-24,95.57,100,4
DEV-00117,Device-117,Sales,2025-11-24,91.42,85,4
DEV-00118,Device-118,IT,2025-11-24,90.09,89,3
DEV-00119,Device-119,HR,2025-11-24,91.15,81,5
DEV-00120,Device-120,IT,2025-11-24,87.95,89,3
DEV-00121,Device-121,Marketing,2025-11-24,89.93,87,4
DEV-00122,Device-122,Finance,2025-11-24,87.43,90,0
DEV-00123,Device-123,IT,2025-11-24,93.85,95,5
DEV-00124,Device-124,Finance,2025-11-24,94.79,77,3
DEV-00125,Device-125,Sales,2025-11-24,91.72,88,5
DEV-00126,Device-126,IT,2025-11-24,94.75,88,5
DEV-00127,Device-127,HR,2025-11-24,90.49,71,4
DEV-00128,Device-128,Marketing,2025-11-24,86.07,97,1
DEV-00129,Device-129,Operations,2025-11-24,87.84,80,3
DEV-00130,Device-130,Sales,2025-11-24,96.73,99,5
DEV-00131,Device-131,Finance,2025-11-24,86.2,92,2
DEV-00132,Device-132,IT,2025-11-24,87.79,99,1
DEV-00133,Device-133,IT,2025-11-24,88.43,72,3
DEV-00134,Device-134,Sales,2025-11-24,85.96,77,3
DEV-00135,Device-135,Operations,2025-11-24,95.56,87,3
DEV-00136,Device-136,Marketing,2025-11-24,92.01,80,4
DEV-00137,Device-137,IT,2025-11-24,86.67,96,5
DEV-00138,Device-138,Marketing,2025-11-24,96.36,92,0
DEV-00139,Device-139,Finance,2025-11-24,90.37,89,3
DEV-00140,Device-140,Sales,2025-11-24,95.43,80,0
DEV-00141,Device-141,Marketing,2025-11-24,95.35,85,1
DEV-00142,Device-142,Sales,2025-11-24,98.83,80,3
DEV-00143,Device-143,IT,2025-11-24,90.73,79,0
DEV-00144,Device-144,HR,2025-11-24,91.8,84,0
DEV-00145,Device-145,Operations,2025-11-24,85.75,92,1
DEV-00146,Device-146,HR,2025-11-24,98.16,84,3
DEV-00147,Device-147,HR,2025-11-24,86.78,92,1
DEV-00148,Device-148,HR,2025-11-24,95.52,93,0
DEV-00149,Device-149,HR,2025-11-24,99.25,72,0
DEV-00150,Device-150,Sales,2025-11-24,96.18,86,0
DEV-00151,Device-151,Sales,2025-11-24,85.9,89,4
DEV-00152,Device-152,HR,2025-11-24,87.81,95,3
DEV-00153,Device-153,HR,2025-11-24,89.57,80,0
DEV-00154,Device-154,Operations,2025-11-24,94.99,91,0
DEV-00155,Device-155,HR,2025-11-24,94.33,88,4
DEV-00156,Device-156,Sales,2025-11-24,92.0,94,3
DEV-00157,Device-157,Finance,2025-11-24,96.78,94,5
DEV-00158,Device-158,HR,2025-11-24,97.61,77,1
DEV-00159,Device-159,Finance,2025-11-24,98.73,76,4
DEV-00160,Device-160,IT,2025-11-24,86.26,97,1
DEV-00161,Device-161,HR,2025-11-24,88.86,95,5
DEV-00162,Device-162,HR,2025-11-24,93.01,90,3
DEV-00163,Device-163,Finance,2025-11-24,91.31,99,5
DEV-00164,Device-164,HR,2025-11-24,89.33,85,0
DEV-00165,Device-165,Operations,2025-11-24,94.83,81,5
DEV-00166,Device-166,HR,2025-11-24,96.02,73,1
DEV-00167,Device-167,Operations,2025-11-24,88.23,77,3
DEV-00168,Device-168,Finance,2025-11-24,90.58,71,1
DEV-00169,Device-169,Sales,2025-11-24,90.13,87,2
DEV-00170,Device-170,Sales,2025-11-24,87.96,93,0
DEV-00171,Device-171,Finance,2025-11-24,95.4,79,0
DEV-00172,Device-172,HR,2025-11-24,94.4,99,0
DEV-00173,Device-173,HR,2025-11-24,89.03,74,3
DEV-00174,Device-174,Sales,2025-11-24,92.03,85,4
DEV-00175,Device-175,HR,2025-11-24,95.49,72,2
DEV-00176,Device-176,IT,2025-11-24,96.32,80,5
DEV-00177,Device-177,Sales,2025-11-24,97.35,98,2
DEV-00178,Device-178,Finance,2025-11-24,91.46,95,4
DEV-00179,Device-179,Sales,2025-11-24,85.34,78,3
DEV-00180,Device-180,IT,2025-11-24,99.44,88,2
DEV-00181,Device-181,Finance,2025-11-24,98.51,74,2
DEV-00182,Device-182,IT,2025-11-24,85.91,96,3
DEV-00183,Device-183,Sales,2025-11-24,86.81,82,0
DEV-00184,Device-184,Finance,2025-11-24,90.63,97,2
DEV-00185,Device-185,IT,2025-11-24,92.75,91,5
DEV-00186,Device-186,Sales,2025-11-24,96.88,77,0
DEV-00187,Device-187,Finance,2025-11-24,86.78,89,5
DEV-00188,Device-188,IT,2025-11-24,90.53,85,2
DEV-00189,Device-189,HR,2025-11-24,87.19,80,3
DEV-00190,Device-190,HR,2025-11-24,90.28,85,5
DEV-00191,Device-191,Operations,2025-11-24,88.59,79,4
DEV-00192,Device-192,Finance,2025-11-24,97.87,79,0
DEV-00193,Device-193,Marketing,2025-11-24,96.61,89,2
DEV-00194,Device-194,Finance,2025-11-24,88.07,92,5
DEV-00195,Device-195,Sales,2025-11-24,99.76,71,0
DEV-00196,Device-196,HR,2025-11-24,94.23,75,2
DEV-00197,Device-197,IT,2025-11-24,95.31,75,3
DEV-00198,Device-198,IT,2025-11-24,96.56,93,2
DEV-00199,Device-199,Sales,2025-11-24,99.57,100,3
DEV-00200,Device-200,Operations,2025-11-24,99.18,94,3
DEV-00201,Device-201,Marketing,2025-11-24,92.78,96,1
DEV-00202,Device-202,Finance,2025-11-24,97.38,76,4
DEV-00203,Device-203,Sales,2025-11-24,99.73,73,5
DEV-00204,Device-204,Operations,2025-11-24,91.62,84,0
DEV-00205,Device-205,Marketing,2025-11-24,85.2,90,5
DEV-00206,Device-206,Operations,2025-11-24,92.15,79,1
DEV-00207,Device-207,Sales,2025-11-24,91.05,98,0
DEV-00208,Device-208,HR,2025-11-24,91.27,75,2
DEV-00209,Device-209,Sales,2025-11-24,94.16,83,5
DEV-00210,Device-210,IT,2025-11-24,91.12,93,3
DEV-00211,Device-211,Marketing,2025-11-24,98.16,77,2
DEV-00212,Device-212,IT,2025-11-24,95.57,95,0
DEV-00213,Device-213,Marketing,2025-11-24,93.55,78,0
DEV-00214,Device-214,Marketing,2025-11-24,88.29,93,4
DEV-00215,Device-215,Sales,2025-11-24,99.73,89,3
DEV-00216,Device-216,HR,2025-11-24,97.72,84,0
DEV-00217,Device-217,Operations,2025-11-24,96.89,79,5
DEV-00218,Device-218,HR,2025-11-24,96.83,85,4
DEV-00219,Device-219,Finance,2025-11-24,89.1,94,4
DEV-00220,Device-220,Marketing,2025-11-24,98.39,75,5
DEV-00221,Device-221,Sales,2025-11-24,91.55,98,3
DEV-00222,Device-222,Marketing,2025-11-24,90.49,70,1
DEV-00223,Device-223,IT,2025-11-24,93.37,77,1
DEV-00224,Device-224,Finance,2025-11-24,94.87,96,3
DEV-00225,Device-225,IT,2025-11-24,91.14,87,3
DEV-00226,Device-226,Marketing,2025-11-24,98.55,85,0
DEV-00227,Device-227,Operations,2025-11-24,86.78,84,3
DEV-00228,Device-228,Marketing,2025-11-24,88.88,77,1
DEV-00229,Device-229,Marketing,2025-11-24,98.4,98,4
DEV-00230,Device-230,Finance,2025-11-24,92.11,84,3
DEV-00231,Device-231,HR,2025-11-24,87.66,95,0
DEV-00232,Device-232,Operations,2025-11-24,98.15,74,3
DEV-00233,Device-233,IT,2025-11-24,94.36,89,2
DEV-00234,Device-234,Finance,2025-11-24,97.46,92,4
DEV-00235,Device-235,Marketing,2025-11-24,95.9,85,3
DEV-00236,Device-236,Finance,2025-11-24,87.04,81,2
DEV-00237,Device-237,Operations,2025-11-24,88.49,86,2
DEV-00238,Device-238,Marketing,2025-11-24,87.47,76,2
DEV-00239,Device-239,Marketing,2025-11-24,86.91,73,5
DEV-00240,Device-240,IT,2025-11-24,85.11,97,0
DEV-00241,Device-241,Marketing,2025-11-24,93.26,91,5
DEV-00242,Device-242,Marketing,2025-11-24,94.93,92,1
DEV-00243,Device-243,IT,2025-11-24,88.53,94,5
DEV-00244,Device-244,Operations,2025-11-24,99.97,99,4
DEV-00245,Device-245,Finance,2025-11-24,94.3,73,5
DEV-00246,Device-246,HR,2025-11-24,90.42,70,1
DEV-00247,Device-247,IT,2025-11-24,99.75,91,2
DEV-00248,Device-248,Finance,2025-11-24,85.54,73,4
DEV-00249,Device-249,Marketing,2025-11-24,96.82,94,3
DEV-00250,Device-250,Finance,2025-11-24,99.36,95,0
DEV-00001,Device-1,HR,2025-11-23,91.88,90,2
DEV-00002,Device-2,Operations,2025-11-23,91.05,80,2
DEV-00003,Device-3,Marketing,2025-11-23,92.71,84,4
DEV-00004,Device-4,Sales,2025-11-23,96.13,87,4
DEV-00005,Device-5,Marketing,2025-11-23,93.93,93,3
DEV-00006,Device-6,IT,2025-11-23,99.05,95,5
DEV-00007,Device-7,IT,2025-11-23,92.39,94,5
DEV-00008,Device-8,Operations,2025-11-23,93.77,75,5
DEV-00009,Device-9,HR,2025-11-23,98.6,96,3
DEV-00010,Device-10,HR,2025-11-23,88.33,75,3
DEV-00011,Device-11,IT,2025-11-23,88.43,73,3
DEV-00012,Device-12,Marketing,2025-11-23,97.31,94,5
DEV-00013,Device-13,Sales,2025-11-23,86.78,85,4
DEV-00014,Device-14,HR,2025-11-23,85.28,90,2
DEV-00015,Device-15,Marketing,2025-11-23,95.38,81,0
DEV-00016,Device-16,Finance,2025-11-23,99.87,81,0
DEV-00017,Device-17,Finance,2025-11-23,99.56,90,4
DEV-00018,Device-18,Operations,2025-11-23,87.75,96,5
DEV-00019,Device-19,Finance,2025-11-23,93.45,74,5
DEV-00020,Device-20,Operations,2025-11-23,86.68,76,3
DEV-00021,Device-21,Marketing,2025-11-23,96.28,81,0
DEV-00022,Device-22,Operations,2025-11-23,88.04,93,2
DEV-00023,Device-23,HR,2025-11-23,90.44,84,0
DEV-00024,Device-24,Finance,2025-11-23,96.26,83,2
DEV-00025,Device-25,Marketing,2025-11-23,96.53,93,0
DEV-00026,Device-26,Finance,2025-11-23,93.52,83,5
DEV-00027,Device-27,Marketing,2025-11-23,91.9,70,0
DEV-00028,Device-28,Operations,2025-11-23,87.9,93,4
DEV-00029,Device-29,Marketing,2025-11-23,89.96,81,5
DEV-00030,Device-30,Sales,2025-11-23,93.0,82,5
DEV-00031,Device-31,Marketing,2025-11-23,99.89,89,0
DEV-00032,Device-32,Finance,2025-11-23,94.99,100,0
DEV-00033,Device-33,Finance,2025-11-23,92.79,93,3
DEV-00034,Device-34,HR,2025-11-23,91.15,81,1
DEV-00035,Device-35,HR,2025-11-23,85.71,80,5
DEV-00036,Device-36,HR,2025-11-23,93.26,86,1
DEV-00037,Device-37,Marketing,2025-11-23,87.89,92,1
DEV-00038,Device-38,Operations,2025-11-23,89.97,81,5
DEV-00039,Device-39,IT,2025-11-23,87.35,85,5
DEV-00040,Device-40,HR,2025-11-23,87.64,73,3
DEV-00041,Device-41,Operations,2025-11-23,96.76,86,5
DEV-00042,Device-42,Sales,2025-11-23,97.8,98,4
DEV-00043,Device-43,IT,2025-11-23,91.62,91,0
DEV-00044,Device-44,HR,2025-11-23,99.01,99,2
DEV-00045,Device-45,Finance,2025-11-23,86.48,97,2
DEV-00046,Device-46,Operations,2025-11-23,96.03,70,5
DEV-00047,Device-47,IT,2025-11-23,89.14,70,4
DEV-00048,Device-48,Operations,2025-11-23,88.41,98,2
DEV-00049,Device-49,HR,2025-11-23,98.99,93,3
DEV-00050,Device-50,IT,2025-11-23,91.01,99,0
DEV-00051,Device-51,Finance,2025-11-23,93.72,96,0
DEV-00052,Device-52,Marketing,2025-11-23,99.61,98,4
DEV-00053,Device-53,IT,2025-11-23,92.56,94,1
DEV-00054,Device-54,Finance,2025-11-23,88.0,96,0
DEV-00055,Device-55,IT,2025-11-23,94.16,80,5
DEV-00056,Device-56,IT,2025-11-23,86.0,91,0
DEV-00057,Device-57,HR,2025-11-23,90.69,90,0
DEV-00058,Device-58,IT,2025-11-23,99.86,98,5
DEV-00059,Device-59,Finance,2025-11-23,98.84,70,0
DEV-00060,Device-60,Marketing,2025-11-23,87.93,75,0
DEV-00061,Device-61,Operations,2025-11-23,88.88,75,4
DEV-00062,Device-62,Operations,2025-11-23,93.38,88,3
DEV-00063,Device-63,Sales,2025-11-23,95.69,93,4
DEV-00064,Device-64,Sales,2025-11-23,91.55,72,3
DEV-00065,Device-65,Operations,2025-11-23,94.14,87,1
DEV-00066,Device-66,HR,2025-11-23,86.94,74,4
DEV-00067,Device-67,Finance,2025-11-23,86.66,90,2
DEV-00068,Device-68,Marketing,2025-11-23,87.19,99,0
DEV-00069,Device-69,Sales,2025-11-23,89.61,74,3
DEV-00070,Device-70,Marketing,2025-11-23,92.22,71,0
DEV-00071,Device-71,HR,2025-11-23,88.59,91,4
DEV-00072,Device-72,Sales,2025-11-23,92.34,85,3
DEV-00073,Device-73,Operations,2025-11-23,91.85,87,0
DEV-00074,Device-74,Finance,2025-11-23,90.41,93,2
DEV-00075,Device-75,Sales,2025-11-23,90.1,84,1
DEV-00076,Device-76,Marketing,2025-11-23,97.74,86,1
DEV-00077,Device-77,Sales,2025-11-23,96.7,93,4
DEV-00078,Device-78,Marketing,2025-11-23,87.7,96,1
DEV-00079,Device-79,IT,2025-11-23,89.97,76,4
DEV-00080,Device-80,Finance,2025-11-23,89.69,91,0
DEV-00081,Device-81,Marketing,2025-11-23,95.2,84,1
DEV-00082,Device-82,Marketing,2025-11-23,97.95,89,0
DEV-00083,Device-83,IT,2025-11-23,92.43,93,1
DEV-00084,Device-84,Operations,2025-11-23,89.64,77,4
DEV-00085,Device-85,Sales,2025-11-23,85.88,81,3
DEV-00086,Device-86,Operations,2025-11-23,99.97,96,4
DEV-00087,Device-87,Sales,2025-11-23,91.13,86,2
DEV-00088,Device-88,Sales,2025-11-23,85.82,74,1
DEV-00089,Device-89,Marketing,2025-11-23,96.41,92,2
DEV-00090,Device-90,IT,2025-11-23,99.03,77,5
DEV-00091,Device-91,Sales,2025-11-23,86.48,100,2
DEV-00092,Device-92,Operations,2025-11-23,88.69,99,5
DEV-00093,Device-93,IT,2025-11-23,86.67,74,4
DEV-00094,Device-94,IT,2025-11-23,99.63,86,4
DEV-00095,Device-95,Finance,2025-11-23,94.09,79,5
DEV-00096,Device-96,Finance,2025-11-23,96.45,78,0
DEV-00097,Device-97,Sales,2025-11-23,93.08,71,5
DEV-00098,Device-98,HR,2025-11-23,91.51,85,1
DEV-00099,Device-99,Finance,2025-11-23,92.73,89,0
DEV-00100,Device-100,Sales,2025-11-23,92.89,90,1
DEV-00101,Device-101,Marketing,2025-11-23,98.2,71,4
DEV-00102,Device-102,HR,2025-11-23,99.46,88,3
DEV-00103,Device-103,IT,2025-11-23,96.7,85,0
DEV-00104,Device-104,IT,2025-11-23,95.13,98,4
DEV-00105,Device-105,HR,2025-11-23,95.78,91,1
DEV-00106,Device-106,IT,2025-11-23,85.99,75,0
DEV-00107,Device-107,Finance,2025-11-23,93.09,88,3
DEV-00108,Device-108,HR,2025-11-23,99.96,74,5
DEV-00109,Device-109,Sales,2025-11-23,94.73,78,2
DEV-00110,Device-110,Sales,2025-11-23,95.6,90,5
DEV-00111,Device-111,HR,2025-11-23,91.43,75,2
DEV-00112,Device-112,Marketing,2025-11-23,93.11,86,1
DEV-00113,Device-113,Marketing,2025-11-23,91.42,79,5
DEV-00114,Device-114,Marketing,2025-11-23,88.37,87,0
DEV-00115,Device-115,HR,2025-11-23,86.66,95,5
DEV-00116,Device-116,Marketing,2025-11-23,94.58,75,0
DEV-00117,Device-117,Sales,2025-11-23,94.12,86,1
DEV-00118,Device-118,IT,2025-11-23,87.23,76,3
DEV-00119,Device-119,HR,2025-11-23,94.5,86,0
DEV-00120,Device-120,IT,2025-11-23,93.03,72,0
DEV-00121,Device-121,Marketing,2025-11-23,86.76,86,5
DEV-00122,Device-122,Finance,2025-11-23,92.89,84,3
DEV-00123,Device-123,IT,2025-11-23,93.43,88,2
DEV-00124,Device-124,Finance,2025-11-23,94.06,100,0
DEV-00125,Device-125,Sales,2025-11-23,93.9,86,4
DEV-00126,Device-126,IT,2025-11-23,94.46,71,1
DEV-00127,Device-127,HR,2025-11-23,88.88,89,1
DEV-00128,Device-128,Marketing,2025-11-23,89.46,98,4
DEV-00129,Device-129,Operations,2025-11-23,89.0,80,4
DEV-00130,Device-130,Sales,2025-11-23,88.38,95,4
DEV-00131,Device-131,Finance,2025-11-23,86.86,70,3
DEV-00132,Device-132,IT,2025-11-23,89.75,96,5
DEV-00133,Device-133,IT,2025-11-23,90.87,99,3
DEV-00134,Device-134,Sales,2025-11-23,95.57,94,3
DEV-00135,Device-135,Operations,2025-11-23,89.35,82,4
DEV-00136,Device-136,Marketing,2025-11-23,93.22,81,4
DEV-00137,Device-137,IT,2025-11-23,85.1,83,0
DEV-00138,Device-138,Marketing,2025-11-23,94.45,94,3
DEV-00139,Device-139,Finance,2025-11-23,98.99,74,3
DEV-00140,Device-140,Sales,2025-11-23,96.78,70,0
DEV-00141,Device-141,Marketing,2025-11-23,97.72,92,3
DEV-00142,Device-142,Sales,2025-11-23,85.14,70,0
DEV-00143,Device-143,IT,2025-11-23,87.87,80,4
DEV-00144,Device-144,HR,2025-11-23,88.11,77,2
DEV-00145,Device-145,Operations,2025-11-23,91.21,86,1
DEV-00146,Device-146,HR,2025-11-23,94.27,84,4
DEV-00147,Device-147,HR,2025-11-23,87.49,99,2
DEV-00148,Device-148,HR,2025-11-23,85.07,98,4
DEV-00149,Device-149,HR,2025-11-23,97.7,94,4
DEV-00150,Device-150,Sales,2025-11-23,87.77,83,4
DEV-00151,Device-151,Sales,2025-11-23,93.47,90,1
DEV-00152,Device-152,HR,2025-11-23,97.82,71,4
DEV-00153,Device-153,HR,2025-11-23,91.36,78,5
DEV-00154,Device-154,Operations,2025-11-23,90.99,85,2
DEV-00155,Device-155,HR,2025-11-23,99.76,86,2
DEV-00156,Device-156,Sales,2025-11-23,92.16,86,4
DEV-00157,Device-157,Finance,2025-11-23,99.64,87,3
DEV-00158,Device-158,HR,2025-11-23,87.79,87,4
DEV-00159,Device-159,Finance,2025-11-23,99.13,82,0
DEV-00160,Device-160,IT,2025-11-23,86.79,99,4
DEV-00161,Device-161,HR,2025-11-23,94.27,84,2
DEV-00162,Device-162,HR,2025-11-23,86.09,81,0
DEV-00163,Device-163,Finance,2025-11-23,97.84,90,1
DEV-00164,Device-164,HR,2025-11-23,91.22,90,0
DEV-00165,Device-165,Operations,2025-11-23,94.61,70,0
DEV-00166,Device-166,HR,2025-11-23,98.23,83,0
DEV-00167,Device-167,Operations,2025-11-23,86.94,84,5
DEV-00168,Device-168,Finance,2025-11-23,95.57,97,1
DEV-00169,Device-169,Sales,2025-11-23,90.81,77,1
DEV-00170,Device-170,Sales,2025-11-23,96.12,83,3
DEV-00171,Device-171,Finance,2025-11-23,85.36,84,1
DEV-00172,Device-172,HR,2025-11-23,85.73,95,1
DEV-00173,Device-173,HR,2025-11-23,95.08,90,2
DEV-00174,Device-174,Sales,2025-11-23,90.12,78,2
DEV-00175,Device-175,HR,2025-11-23,88.59,88,1
DEV-00176,Device-176,IT,2025-11-23,96.07,75,3
DEV-00177,Device-177,Sales,2025-11-23,95.13,76,1
DEV-00178,Device-178,Finance,2025-11-23,90.37,72,1
DEV-00179,Device-179,Sales,2025-11-23,96.62,74,0
DEV-00180,Device-180,IT,2025-11-23,91.05,93,4
DEV-00181,Device-181,Finance,2025-11-23,85.89,91,1
DEV-00182,Device-182,IT,2025-11-23,99.25,73,5
DEV-00183,Device-183,Sales,2025-11-23,87.0,80,4
DEV-00184,Device-184,Finance,2025-11-23,92.98,93,5
DEV-00185,Device-185,IT,2025-11-23,96.23,75,5
DEV-00186,Device-186,Sales,2025-11-23,95.67,84,1
DEV-00187,Device-187,Finance,2025-11-23,88.79,83,3
DEV-00188,Device-188,IT,2025-11-23,97.24,70,5
DEV-00189,Device-189,HR,2025-11-23,91.54,84,5
DEV-00190,Device-190,HR,2025-11-23,90.57,77,5
DEV-00191,Device-191,Operations,2025-11-23,86.48,91,3
DEV-00192,Device-192,Finance,2025-11-23,85.28,72,3
DEV-00193,Device-193,Marketing,2025-11-23,92.07,93,2
DEV-00194,Device-194,Finance,2025-11-23,86.1,99,2
DEV-00195,Device-195,Sales,2025-11-23,89.09,84,5
DEV-00196,Device-196,HR,2025-11-23,90.1,86,5
DEV-00197,Device-197,IT,2025-11-23,89.94,92,4
DEV-00198,Device-198,IT,2025-11-23,95.85,74,5
DEV-00199,Device-199,Sales,2025-11-23,96.83,95,2
DEV-00200,Device-200,Operations,2025-11-23,88.16,96,3
DEV-00201,Device-201,Marketing,2025-11-23,92.29,83,0
DEV-00202,Device-202,Finance,2025-11-23,88.46,80,2
DEV-00203,Device-203,Sales,2025-11-23,92.21,84,4
DEV-00204,Device-204,Operations,2025-11-23,90.69,79,4
DEV-00205,Device-205,Marketing,2025-11-23,99.64,79,0
DEV-00206,Device-206,Operations,2025-11-23,94.88,80,0
DEV-00207,Device-207,Sales,2025-11-23,89.68,76,0
DEV-00208,Device-208,HR,2025-11-23,89.95,73,0
DEV-00209,Device-209,Sales,2025-11-23,99.7,74,0
DEV-00210,Device-210,IT,2025-11-23,90.33,84,4
DEV-00211,Device-211,Marketing,2025-11-23,87.57,88,2
DEV-00212,Device-212,IT,2025-11-23,97.52,72,2
DEV-00213,Device-213,Marketing,2025-11-23,88.74,85,2
DEV-00214,Device-214,Marketing,2025-11-23,88.36,90,5
DEV-00215,Device-215,Sales,2025-11-23,89.16,95,5
DEV-00216,Device-216,HR,2025-11-23,93.33,70,2
DEV-00217,Device-217,Operations,2025-11-23,89.48,100,0
DEV-00218,Device-218,HR,2025-11-23,95.53,96,0
DEV-00219,Device-219,Finance,2025-11-23,97.58,83,3
DEV-00220,Device-220,Marketing,2025-11-23,99.25,99,3
DEV-00221,Device-221,Sales,2025-11-23,85.53,100,3
DEV-00222,Device-222,Marketing,2025-11-23,87.88,90,3
DEV-00223,Device-223,IT,2025-11-23,98.69,95,5
DEV-00224,Device-224,Finance,2025-11-23,87.95,79,0
DEV-00225,Device-225,IT,2025-11-23,96.22,99,3
DEV-00226,Device-226,Marketing,2025-11-23,97.59,80,0
DEV-00227,Device-227,Operations,2025-11-23,88.67,99,4
DEV-00228,Device-228,Marketing,2025-11-23,94.61,90,0
DEV-00229,Device-229,Marketing,2025-11-23,96.1,87,2
DEV-00230,Device-230,Finance,2025-11-23,87.43,78,5
DEV-00231,Device-231,HR,2025-11-23,85.89,90,4
DEV-00232,Device-232,Operations,2025-11-23,85.74,85,1
DEV-00233,Device-233,IT,2025-11-23,99.57,97,5
DEV-00234,Device-234,Finance,2025-11-23,90.32,90,3
DEV-00235,Device-235,Marketing,2025-11-23,96.67,98,1
DEV-00236,Device-236,Finance,2025-11-23,88.72,88,2
DEV-00237,Device-237,Operations,2025-11-23,94.07,99,3
DEV-00238,Device-238,Marketing,2025-11-23,86.67,87,2
DEV-00239,Device-239,Marketing,2025-11-23,94.56,95,1
DEV-00240,Device-240,IT,2025-11-23,85.65,81,0
DEV-00241,Device-241,Marketing,2025-11-23,96.55,91,4
DEV-00242,Device-242,Marketing,2025-11-23,99.63,83,1
DEV-00243,Device-243,IT,2025-11-23,99.24,71,5
DEV-00244,Device-244,Operations,2025-11-23,94.26,97,5
DEV-00245,Device-245,Finance,2025-11-23,86.51,74,4
DEV-00246,Device-246,HR,2025-11-23,90.19,85,5
DEV-00247,Device-247,IT,2025-11-23,85.12,77,0
DEV-00248,Device-248,Finance,2025-11-23,95.85,89,3
DEV-00249,Device-249,Marketing,2025-11-23,87.23,91,2
DEV-00250,Device-250,Finance,2025-11-23,98.05,72,4
DEV-00001,Device-1,HR,2025-11-22,88.81,83,2
DEV-00002,Device-2,Operations,2025-11-22,92.19,98,5
DEV-00003,Device-3,Marketing,2025-11-22,99.77,71,0
DEV-00004,Device-4,Sales,2025-11-22,96.27,85,0
DEV-00005,Device-5,Marketing,2025-11-22,93.19,88,5
DEV-00006,Device-6,IT,2025-11-22,91.19,82,1
DEV-00007,Device-7,IT,2025-11-22,90.48,97,0
DEV-00008,Device-8,Operations,2025-11-22,91.29,76,3
DEV-00009,Device-9,HR,2025-11-22,90.81,80,4
DEV-00010,Device-10,HR,2025-11-22,85.28,70,0
DEV-00011,Device-11,IT,2025-11-22,94.0,87,5
DEV-00012,Device-12,Marketing,2025-11-22,89.65,82,2
DEV-00013,Device-13,Sales,2025-11-22,88.31,83,3
DEV-00014,Device-14,HR,2025-11-22,85.91,70,0
DEV-00015,Device-15,Marketing,2025-11-22,90.31,82,2
DEV-00016,Device-16,Finance,2025-11-22,98.12,80,0
DEV-00017,Device-17,Finance,2025-11-22,93.29,79,2
DEV-00018,Device-18,Operations,2025-11-22,89.49,86,0
DEV-00019,Device-19,Finance,2025-11-22,95.91,96,3
DEV-00020,Device-20,Operations,2025-11-22,86.8,88,4
DEV-00021,Device-21,Marketing,2025-11-22,94.63,75,4
DEV-00022,Device-22,Operations,2025-11-22,89.48,99,3
DEV-00023,Device-23,HR,2025-11-22,99.93,70,3
DEV-00024,Device-24,Finance,2025-11-22,97.43,75,0
DEV-00025,Device-25,Marketing,2025-11-22,92.3,85,1
DEV-00026,Device-26,Finance,2025-11-22,88.29,100,4
DEV-00027,Device-27,Marketing,2025-11-22,97.43,90,1
DEV-00028,Device-28,Operations,2025-11-22,88.98,83,5
DEV-00029,Device-29,Marketing,2025-11-22,95.2,86,4
DEV-00030,Device-30,Sales,2025-11-22,97.34,77,1
DEV-00031,Device-31,Marketing,2025-11-22,86.86,81,1
DEV-00032,Device-32,Finance,2025-11-22,89.5,84,4
DEV-00033,Device-33,Finance,2025-11-22,95.41,84,4
DEV-00034,Device-34,HR,2025-11-22,91.98,81,5
DEV-00035,Device-35,HR,2025-11-22,97.26,79,2
DEV-00036,Device-36,HR,2025-11-22,94.74,74,0
DEV-00037,Device-37,Marketing,2025-11-22,95.95,87,1
DEV-00038,Device-38,Operations,2025-11-22,87.04,74,1
DEV-00039,Device-39,IT,2025-11-22,96.22,72,4
DEV-00040,Device-40,HR,2025-11-22,94.28,73,5
DEV-00041,Device-41,Operations,2025-11-22,97.46,78,3
DEV-00042,Device-42,Sales,2025-11-22,97.12,82,4
DEV-00043,Device-43,IT,2025-11-22,87.74,89,0
DEV-00044,Device-44,HR,2025-11-22,88.72,92,0
DEV-00045,Device-45,Finance,2025-11-22,98.24,93,2
DEV-00046,Device-46,Operations,2025-11-22,92.55,75,2
DEV-00047,Device-47,IT,2025-11-22,92.41,79,4
DEV-00048,Device-48,Operations,2025-11-22,98.6,94,4
DEV-00049,Device-49,HR,2025-11-22,96.08,85,3
DEV-00050,Device-50,IT,2025-11-22,95.61,92,1
DEV-00051,Device-51,Finance,2025-11-22,94.01,84,0
DEV-00052,Device-52,Marketing,2025-11-22,98.15,75,3
DEV-00053,Device-53,IT,2025-11-22,97.21,83,5
DEV-00054,Device-54,Finance,2025-11-22,99.0,76,1
DEV-00055,Device-55,IT,2025-11-22,91.28,86,2
DEV-00056,Device-56,IT,2025-11-22,90.39,76,2
DEV-00057,Device-57,HR,2025-11-22,85.7,81,5
DEV-00058,Device-58,IT,2025-11-22,90.9,83,0
DEV-00059,Device-59,Finance,2025-11-22,91.86,90,3
DEV-00060,Device-60,Marketing,2025-11-22,91.17,75,4
DEV-00061,Device-61,Operations,2025-11-22,99.52,87,4
DEV-00062,Device-62,Operations,2025-11-22,85.01,99,3
DEV-00063,Device-63,Sales,2025-11-22,97.81,85,1
DEV-00064,Device-64,Sales,2025-11-22,92.19,97,1
DEV-00065,Device-65,Operations,2025-11-22,85.76,73,4
DEV-00066,Device-66,HR,2025-11-22,98.03,89,4
DEV-00067,Device-67,Finance,2025-11-22,89.84,91,3
DEV-00068,Device-68,Marketing,2025-11-22,87.09,92,0
DEV-00069,Device-69,Sales,2025-11-22,85.7,96,3
DEV-00070,Device-70,Marketing,2025-11-22,95.11,84,5
DEV-00071,Device-71,HR,2025-11-22,99.13,71,5
DEV-00072,Device-72,Sales,2025-11-22,88.69,88,3
DEV-00073,Device-73,Operations,2025-11-22,92.19,82,2
DEV-00074,Device-74,Finance,2025-11-22,85.87,78,2
DEV-00075,Device-75,Sales,2025-11-22,90.67,95,3
DEV-00076,Device-76,Marketing,2025-11-22,95.82,89,5
DEV-00077,Device-77,Sales,2025-11-22,98.07,91,2
DEV-00078,Device-78,Marketing,2025-11-22,97.83,74,4
DEV-00079,Device-79,IT,2025-11-22,97.64,73,2
DEV-00080,Device-80,Finance,2025-11-22,94.94,75,4
DEV-00081,Device-81,Marketing,2025-11-22,90.88,84,4
DEV-00082,Device-82,Marketing,2025-11-22,85.67,76,2
DEV-00083,Device-83,IT,2025-11-22,87.26,82,1
DEV-00084,Device-84,Operations,2025-11-22,94.27,94,0
DEV-00085,Device-85,Sales,2025-11-22,94.36,91,3
DEV-00086,Device-86,Operations,2025-11-22,90.34,91,3
DEV-00087,Device-87,Sales,2025-11-22,95.69,70,4
DEV-00088,Device-88,Sales,2025-11-22,92.97,77,3
DEV-00089,Device-89,Marketing,2025-11-22,86.92,90,3
DEV-00090,Device-90,IT,2025-11-22,86.24,84,4
DEV-00091,Device-91,Sales,2025-11-22,93.61,86,0
DEV-00092,Device-92,Operations,2025-11-22,91.79,97,1
DEV-00093,Device-93,IT,2025-11-22,87.12,100,3
DEV-00094,Device-94,IT,2025-11-22,94.17,83,4
DEV-00095,Device-95,Finance,2025-11-22,87.17,92,0
DEV-00096,Device-96,Finance,2025-11-22,90.01,85,2
DEV-00097,Device-97,Sales,2025-11-22,87.95,78,5
DEV-00098,Device-98,HR,2025-11-22,98.07,77,0
DEV-00099,Device-99,Finance,2025-11-22,93.91,87,0
DEV-00100,Device-100,Sales,2025-11-22,87.39,89,0
DEV-00101,Device-101,Marketing,2025-11-22,97.52,88,4
DEV-00102,Device-102,HR,2025-11-22,98.77,89,5
DEV-00103,Device-103,IT,2025-11-22,98.05,88,2
DEV-00104,Device-104,IT,2025-11-22,97.35,100,5
DEV-00105,Device-105,HR,2025-11-22,87.36,99,5
DEV-00106,Device-106,IT,2025-11-22,99.83,92,0
DEV-00107,Device-107,Finance,2025-11-22,97.77,87,0
DEV-00108,Device-108,HR,2025-11-22,94.57,97,4
DEV-00109,Device-109,Sales,2025-11-22,89.74,91,4
DEV-00110,Device-110,Sales,2025-11-22,94.49,80,5
DEV-00111,Device-111,HR,2025-11-22,94.28,74,0
DEV-00112,Device-112,Marketing,2025-11-22,92.02,88,4
DEV-00113,Device-113,Marketing,2025-11-22,97.46,73,1
DEV-00114,Device-114,Marketing,2025-11-22,87.32,98,4
DEV-00115,Device-115,HR,2025-11-22,91.71,79,1
DEV-00116,Device-116,Marketing,2025-11-22,94.32,86,5
DEV-00117,Device-117,Sales,2025-11-22,85.37,88,3
DEV-00118,Device-118,IT,2025-11-22,93.99,70,5
DEV-00119,Device-119,HR,2025-11-22,88.16,83,4
DEV-00120,Device-120,IT,2025-11-22,96.92,84,0
DEV-00121,Device-121,Marketing,2025-11-22,87.57,75,4
DEV-00122,Device-122,Finance,2025-11-22,99.67,86,5
DEV-00123,Device-123,IT,2025-11-22,91.94,85,1
DEV-00124,Device-124,Finance,2025-11-22,98.15,88,0
DEV-00125,Device-125,Sales,2025-11-22,88.33,70,4
DEV-00126,Device-126,IT,2025-11-22,89.21,77,2
DEV-00127,Device-127,HR,2025-11-22,90.77,75,4
DEV-00128,Device-128,Marketing,2025-11-22,96.3,72,1
DEV-00129,Device-129,Operations,2025-11-22,87.36,74,2
DEV-00130,Device-130,Sales,2025-11-22,98.23,85,5
DEV-00131,Device-131,Finance,2025-11-22,92.28,78,3
DEV-00132,Device-132,IT,2025-11-22,85.06,76,2
DEV-00133,Device-133,IT,2025-11-22,91.69,88,2
DEV-00134,Device-134,Sales,2025-11-22,91.56,98,1
DEV-00135,Device-135,Operations,2025-11-22,90.46,95,1
DEV-00136,Device-136,Marketing,2025-11-22,89.95,97,2
DEV-00137,Device-137,IT,2025-11-22,85.69,80,0
DEV-00138,Device-138,Marketing,2025-11-22,90.74,73,0
DEV-00139,Device-139,Finance,2025-11-22,91.31,96,4
DEV-00140,Device-140,Sales,2025-11-22,88.52,93,4
DEV-00141,Device-141,Marketing,2025-11-22,92.05,78,4
DEV-00142,Device-142,Sales,2025-11-22,91.06,73,0
DEV-00143,Device-143,IT,2025-11-22,92.91,82,4
DEV-00144,Device-144,HR,2025-11-22,89.64,91,3
DEV-00145,Device-145,Operations,2025-11-22,86.01,81,1
DEV-00146,Device-146,HR,2025-11-22,94.1,91,0
DEV-00147,Device-147,HR,2025-11-22,86.57,95,0
DEV-00148,Device-148,HR,2025-11-22,99.7,88,0
DEV-00149,Device-149,HR,2025-11-22,92.2,81,1
DEV-00150,Device-150,Sales,2025-11-22,99.75,92,0
DEV-00151,Device-151,Sales,2025-11-22,97.18,83,2
DEV-00152,Device-152,HR,2025-11-22,96.66,75,3
DEV-00153,Device-153,HR,2025-11-22,91.56,91,5
DEV-00154,Device-154,Operations,2025-11-22,85.51,95,2
DEV-00155,Device-155,HR,2025-11-22,99.21,87,3
DEV-00156,Device-156,Sales,2025-11-22,98.93,93,1
DEV-00157,Device-157,Finance,2025-11-22,95.06,73,2
DEV-00158,Device-158,HR,2025-11-22,94.57,85,5
DEV-00159,Device-159,Finance,2025-11-22,90.18,76,1
DEV-00160,Device-160,IT,2025-11-22,92.52,70,5
DEV-00161,Device-161,HR,2025-11-22,85.86,82,1
DEV-00162,Device-162,HR,2025-11-22,89.45,98,2
DEV-00163,Device-163,Finance,2025-11-22,96.71,95,1
DEV-00164,Device-164,HR,2025-11-22,99.53,91,0
DEV-00165,Device-165,Operations,2025-11-22,89.2,100,0
DEV-00166,Device-166,HR,2025-11-22,89.61,70,3
DEV-00167,Device-167,Operations,2025-11-22,88.58,70,3
DEV-00168,Device-168,Finance,2025-11-22,92.45,83,1
DEV-00169,Device-169,Sales,2025-11-22,93.16,84,3
DEV-00170,Device-170,Sales,2025-11-22,93.32,100,2
DEV-00171,Device-171,Finance,2025-11-22,91.93,96,2
DEV-00172,Device-172,HR,2025-11-22,95.2,85,1
DEV-00173,Device-173,HR,2025-11-22,89.84,88,1
DEV-00174,Device-174,Sales,2025-11-22,93.17,91,2
DEV-00175,Device-175,HR,2025-11-22,86.04,98,5
DEV-00176,Device-176,IT,2025-11-22,96.51,97,3
DEV-00177,Device-177,Sales,2025-11-22,92.74,92,4
DEV-00178,Device-178,Finance,2025-11-22,97.76,91,5
DEV-00179,Device-179,Sales,2025-11-22,97.24,91,4
DEV-00180,Device-180,IT,2025-11-22,86.3,96,1
DEV-00181,Device-181,Finance,2025-11-22,99.17,95,2
DEV-00182,Device-182,IT,2025-11-22,90.51,94,1
DEV-00183,Device-183,Sales,2025-11-22,98.59,81,5
DEV-00184,Device-184,Finance,2025-11-22,92.8,90,0
DEV-00185,Device-185,IT,2025-11-22,93.84,95,0
DEV-00186,Device-186,Sales,2025-11-22,90.61,100,2
DEV-00187,Device-187,Finance,2025-11-22,91.62,78,5
DEV-00188,Device-188,IT,2025-11-22,89.71,93,5
DEV-00189,Device-189,HR,2025-11-22,89.59,73,4
DEV-00190,Device-190,HR,2025-11-22,92.81,93,4
DEV-00191,Device-191,Operations,2025-11-22,97.01,92,1
DEV-00192,Device-192,Finance,2025-11-22,87.87,78,5
DEV-00193,Device-193,Marketing,2025-11-22,97.57,89,3
DEV-00194,Device-194,Finance,2025-11-22,86.2,96,2
DEV-00195,Device-195,Sales,2025-11-22,94.61,87,0
DEV-00196,Device-196,HR,2025-11-22,90.5,99,2
DEV-00197,Device-197,IT,2025-11-22,95.98,70,1
DEV-00198,Device-198,IT,2025-11-22,97.8,76,0
DEV-00199,Device-199,Sales,2025-11-22,88.39,74,5
DEV-00200,Device-200,Operations,2025-11-22,92.36,80,2
DEV-00201,Device-201,Marketing,2025-11-22,97.63,82,2
DEV-00202,Device-202,Finance,2025-11-22,95.84,90,3
DEV-00203,Device-203,Sales,2025-11-22,86.26,79,1
DEV-00204,Device-204,Operations,2025-11-22,94.58,100,0
DEV-00205,Device-205,Marketing,2025-11-22,91.65,81,3
DEV-00206,Device-206,Operations,2025-11-22,91.36,97,2
DEV-00207,Device-207,Sales,2025-11-22,96.52,86,4
DEV-00208,Device-208,HR,2025-11-22,87.85,70,3
DEV-00209,Device-209,Sales,2025-11-22,91.4,76,0
DEV-00210,Device-210,IT,2025-11-22,99.62,90,5
DEV-00211,Device-211,Marketing,2025-11-22,85.34,94,3
DEV-00212,Device-212,IT,2025-11-22,94.65,76,2
DEV-00213,Device-213,Marketing,2025-11-22,88.16,86,0
DEV-00214,Device-214,Marketing,2025-11-22,90.89,83,3
DEV-00215,Device-215,Sales,2025-11-22,99.49,100,3
DEV-00216,Device-216,HR,2025-11-22,97.14,78,0
DEV-00217,Device-217,Operations,2025-11-22,92.54,94,5
DEV-00218,Device-218,HR,2025-11-22,85.73,94,1
DEV-00219,Device-219,Finance,2025-11-22,90.34,78,5
DEV-00220,Device-220,Marketing,2025-11-22,94.99,99,4
DEV-00221,Device-221,Sales,2025-11-22,96.91,91,1
DEV-00222,Device-222,Marketing,2025-11-22,87.07,90,3
DEV-00223,Device-223,IT,2025-11-22,92.5,95,4
DEV-00224,Device-224,Finance,2025-11-22,89.78,94,0
DEV-00225,Device-225,IT,2025-11-22,99.57,84,5
DEV-00226,Device-226,Marketing,2025-11-22,89.17,99,4
DEV-00227,Device-227,Operations,2025-11-22,86.08,81,2
DEV-00228,Device-228,Marketing,2025-11-22,90.63,86,0
DEV-00229,Device-229,Marketing,2025-11-22,88.93,78,5
DEV-00230,Device-230,Finance,2025-11-22,94.57,84,3
DEV-00231,Device-231,HR,2025-11-22,93.64,78,0
DEV-00232,Device-232,Operations,2025-11-22,99.2,95,2
DEV-00233,Device-233,IT,2025-11-22,96.21,70,1
DEV-00234,Device-234,Finance,2025-11-22,93.58,84,4
DEV-00235,Device-235,Marketing,2025-11-22,87.7,70,1
DEV-00236,Device-236,Finance,2025-11-22,88.94,98,5
DEV-00237,Device-237,Operations,2025-11-22,95.59,91,2
DEV-00238,Device-238,Marketing,2025-11-22,96.12,86,5
DEV-00239,Device-239,Marketing,2025-11-22,94.76,74,0
DEV-00240,Device-240,IT,2025-11-22,88.24,97,3
DEV-00241,Device-241,Marketing,2025-11-22,86.33,95,2
DEV-00242,Device-242,Marketing,2025-11-22,94.01,100,5
DEV-00243,Device-243,IT,2025-11-22,96.25,72,4
DEV-00244,Device-244,Operations,2025-11-22,86.72,93,4
DEV-00245,Device-245,Finance,2025-11-22,91.06,83,1
DEV-00246,Device-246,HR,2025-11-22,94.95,85,3
DEV-00247,Device-247,IT,2025-11-22,99.19,100,4
DEV-00248,Device-248,Finance,2025-11-22,95.08,85,1
DEV-00249,Device-249,Marketing,2025-11-22,93.66,79,2
DEV-00250,Device-250,Finance,2025-11-22,93.6,87,1
DEV-00001,Device-1,HR,2025-11-21,94.3,97,0
DEV-00002,Device-2,Operations,2025-11-21,96.06,89,5
DEV-00003,Device-3,Marketing,2025-11-21,95.85,75,1
DEV-00004,Device-4,Sales,2025-11-21,98.16,89,3
DEV-00005,Device-5,Marketing,2025-11-21,92.04,89,5
DEV-00006,Device-6,IT,2025-11-21,88.46,99,3
DEV-00007,Device-7,IT,2025-11-21,96.14,87,5
DEV-00008,Device-8,Operations,2025-11-21,90.51,82,2
DEV-00009,Device-9,HR,2025-11-21,90.84,73,4
DEV-00010,Device-10,HR,2025-11-21,85.1,71,1
DEV-00011,Device-11,IT,2025-11-21,90.25,81,3
DEV-00012,Device-12,Marketing,2025-11-21,95.47,96,4
DEV-00013,Device-13,Sales,2025-11-21,97.58,79,5
DEV-00014,Device-14,HR,2025-11-21,86.98,88,3
DEV-00015,Device-15,Marketing,2025-11-21,96.19,92,0
DEV-00016,Device-16,Finance,2025-11-21,86.09,86,3
DEV-00017,Device-17,Finance,2025-11-21,96.44,90,3
DEV-00018,Device-18,Operations,2025-11-21,95.98,84,5
DEV-00019,Device-19,Finance,2025-11-21,96.78,94,2
DEV-00020,Device-20,Operations,2025-11-21,86.67,82,4
DEV-00021,Device-21,Marketing,2025-11-21,96.79,80,1
DEV-00022,Device-22,Operations,2025-11-21,97.34,89,0
DEV-00023,Device-23,HR,2025-11-21,92.01,71,3
DEV-00024,Device-24,Finance,2025-11-21,86.38,100,2
DEV-00025,Device-25,Marketing,2025-11-21,89.92,78,0
DEV-00026,Device-26,Finance,2025-11-21,97.49,99,0
DEV-00027,Device-27,Marketing,2025-11-21,88.16,80,4
DEV-00028,Device-28,Operations,2025-11-21,91.58,76,3
DEV-00029,Device-29,Marketing,2025-11-21,90.22,78,4
DEV-00030,Device-30,Sales,2025-11-21,93.69,82,0
DEV-00031,Device-31,Marketing,2025-11-21,91.97,82,3
DEV-00032,Device-32,Finance,2025-11-21,86.82,87,1
DEV-00033,Device-33,Finance,2025-11-21,95.27,76,0
DEV-00034,Device-34,HR,2025-11-21,97.02,72,2
DEV-00035,Device-35,HR,2025-11-21,97.34,71,5
DEV-00036,Device-36,HR,2025-11-21,85.01,91,1
DEV-00037,Device-37,Marketing,2025-11-21,92.32,92,5
DEV-00038,Device-38,Operations,2025-11-21,90.34,96,2
DEV-00039,Device-39,IT,2025-11-21,94.75,71,1
DEV-00040,Device-40,HR,2025-11-21,91.38,94,1
DEV-00041,Device-41,Operations,2025-11-21,95.26,94,5
DEV-00042,Device-42,Sales,2025-11-21,93.98,86,4
DEV-00043,Device-43,IT,2025-11-21,93.69,88,2
DEV-00044,Device-44,HR,2025-11-21,87.17,74,5
DEV-00045,Device-45,Finance,2025-11-21,86.89,94,3
DEV-00046,Device-46,Operations,2025-11-21,99.75,79,0
DEV-00047,Device-47,IT,2025-11-21,89.74,78,5
DEV-00048,Device-48,Operations,2025-11-21,95.3,97,1
DEV-00049,Device-49,HR,2025-11-21,97.38,78,0
DEV-00050,Device-50,IT,2025-11-21,93.31,86,3
DEV-00051,Device-51,Finance,2025-11-21,97.6,81,4
DEV-00052,Device-52,Marketing,2025-11-21,96.05,97,0
DEV-00053,Device-53,IT,2025-11-21,95.78,80,1
DEV-00054,Device-54,Finance,2025-11-21,89.14,84,1
DEV-00055,Device-55,IT,2025-11-21,99.91,72,4
DEV-00056,Device-56,IT,2025-11-21,93.0,74,3
DEV-00057,Device-57,HR,2025-11-21,96.91,98,2
DEV-00058,Device-58,IT,2025-11-21,99.78,82,2
DEV-00059,Device-59,Finance,2025-11-21,97.91,93,3
DEV-00060,Device-60,Marketing,2025-11-21,87.49,79,3
DEV-00061,Device-61,Operations,2025-11-21,99.0,84,1
DEV-00062,Device-62,Operations,2025-11-21,91.36,95,5
DEV-00063,Device-63,Sales,2025-11-21,98.13,81,5
DEV-00064,Device-64,Sales,2025-11-21,92.51,94,5
DEV-00065,Device-65,Operations,2025-11-21,85.25,89,0
DEV-00066,Device-66,HR,2025-11-21,97.4,78,4
DEV-00067,Device-67,Finance,2025-11-21,87.27,93,0
DEV-00068,Device-68,Marketing,2025-11-21,93.39,71,4
DEV-00069,Device-69,Sales,2025-11-21,97.1,86,5
DEV-00070,Device-70,Marketing,2025-11-21,89.09,96,4
DEV-00071,Device-71,HR,2025-11-21,85.52,73,4
DEV-00072,Device-72,Sales,2025-11-21,99.18,100,4
DEV-00073,Device-73,Operations,2025-11-21,94.03,89,3
DEV-00074,Device-74,Finance,2025-11-21,85.66,91,2
DEV-00075,Device-75,Sales,2025-11-21,94.61,94,4
DEV-00076,Device-76,Marketing,2025-11-21,98.45,79,4
DEV-00077,Device-77,Sales,2025-11-21,95.18,97,4
DEV-00078,Device-78,Marketing,2025-11-21,92.06,79,4
DEV-00079,Device-79,IT,2025-11-21,86.74,89,2
DEV-00080,Device-80,Finance,2025-11-21,89.65,88,1
DEV-00081,Device-81,Marketing,2025-11-21,97.0,78,4
DEV-00082,Device-82,Marketing,2025-11-21,91.61,70,1
DEV-00083,Device-83,IT,2025-11-21,88.3,82,3
DEV-00084,Device-84,Operations,2025-11-21,86.67,90,0
DEV-00085,Device-85,Sales,2025-11-21,99.83,85,2
DEV-00086,Device-86,Operations,2025-11-21,94.33,93,0
DEV-00087,Device-87,Sales,2025-11-21,85.25,92,4
DEV-00088,Device-88,Sales,2025-11-21,93.74,100,2
DEV-00089,Device-89,Marketing,2025-11-21,93.06,70,4
DEV-00090,Device-90,IT,2025-11-21,91.72,79,3
DEV-00091,Device-91,Sales,2025-11-21,89.64,95,5
DEV-00092,Device-92,Operations,2025-11-21,94.82,88,3
DEV-00093,Device-93,IT,2025-11-21,97.5,97,3
DEV-00094,Device-94,IT,2025-11-21,90.3,73,4
DEV-00095,Device-95,Finance,2025-11-21,86.09,89,2
DEV-00096,Device-96,Finance,2025-11-21,99.38,95,0
DEV-00097,Device-97,Sales,2025-11-21,96.05,77,2
DEV-00098,Device-98,HR,2025-11-21,96.47,86,2
DEV-00099,Device-99,Finance,2025-11-21,89.55,92,1
DEV-00100,Device-100,Sales,2025-11-21,92.46,79,2
DEV-00101,Device-101,Marketing,2025-11-21,95.9,88,4
DEV-00102,Device-102,HR,2025-11-21,93.81,70,5
DEV-00103,Device-103,IT,2025-11-21,88.77,98,1
DEV-00104,Device-104,IT,2025-11-21,98.46,79,3
DEV-00105,Device-105,HR,2025-11-21,87.06,78,5
DEV-00106,Device-106,IT,2025-11-21,87.19,100,2
DEV-00107,Device-107,Finance,2025-11-21,93.56,85,3
DEV-00108,Device-108,HR,2025-11-21,92.81,71,5
DEV-00109,Device-109,Sales,2025-11-21,97.59,99,2
DEV-00110,Device-110,Sales,2025-11-21,88.02,80,4
DEV-00111,Device-111,HR,2025-11-21,90.21,74,3
DEV-00112,Device-112,Marketing,2025-11-21,93.94,98,5
DEV-00113,Device-113,Marketing,2025-11-21,96.57,77,3
DEV-00114,Device-114,Marketing,2025-11-21,90.9,77,1
DEV-00115,Device-115,HR,2025-11-21,86.6,80,0
DEV-00116,Device-116,Marketing,2025-11-21,95.31,99,2
DEV-00117,Device-117,Sales,2025-11-21,87.75,99,4
DEV-00118,Device-118,IT,2025-11-21,97.0,89,2
DEV-00119,Device-119,HR,2025-11-21,85.91,83,2
DEV-00120,Device-120,IT,2025-11-21,97.04,84,1
DEV-00121,Device-121,Marketing,2025-11-21,95.63,82,1
DEV-00122,Device-122,Finance,2025-11-21,89.73,96,2
DEV-00123,Device-123,IT,2025-11-21,97.43,95,4
DEV-00124,Device-124,Finance,2025-11-21,91.38,77,4
DEV-00125,Device-125,Sales,2025-11-21,87.41,73,0
DEV-00126,Device-126,IT,2025-11-21,96.02,99,2
DEV-00127,Device-127,HR,2025-11-21,92.28,76,1
DEV-00128,Device-128,Marketing,2025-11-21,90.03,99,5
DEV-00129,Device-129,Operations,2025-11-21,91.76,82,4
DEV-00130,Device-130,Sales,2025-11-21,94.06,84,2
DEV-00131,Device-131,Finance,2025-11-21,89.1,86,2
DEV-00132,Device-132,IT,2025-11-21,89.89,94,2
DEV-00133,Device-133,IT,2025-11-21,92.08,85,3
DEV-00134,Device-134,Sales,2025-11-21,99.83,91,0
DEV-00135,Device-135,Operations,2025-11-21,92.52,89,2
DEV-00136,Device-136,Marketing,2025-11-21,91.33,83,1
DEV-00137,Device-137,IT,2025-11-21,98.52,92,5
DEV-00138,Device-138,Marketing,2025-11-21,90.02,86,1
DEV-00139,Device-139,Finance,2025-11-21,95.36,71,0
DEV-00140,Device-140,Sales,2025-11-21,98.19,90,5
DEV-00141,Device-141,Marketing,2025-11-21,93.71,88,2
DEV-00142,Device-142,Sales,2025-11-21,86.84,99,4
DEV-00143,Device-143,IT,2025-11-21,98.32,94,4
DEV-00144,Device-144,HR,2025-11-21,92.72,84,5
DEV-00145,Device-145,Operations,2025-11-21,88.68,84,3
DEV-00146,Device-146,HR,2025-11-21,89.04,94,4
DEV-00147,Device-147,HR,2025-11-21,91.56,77,1
DEV-00148,Device-148,HR,2025-11-21,91.87,92,2
DEV-00149,Device-149,HR,2025-11-21,98.9,91,4
DEV-00150,Device-150,Sales,2025-11-21,94.7,72,2
DEV-00151,Device-151,Sales,2025-11-21,98.07,77,4
DEV-00152,Device-152,HR,2025-11-21,99.52,74,1
DEV-00153,Device-153,HR,2025-11-21,89.18,82,1
DEV-00154,Device-154,Operations,2025-11-21,95.47,90,5
DEV-00155,Device-155,HR,2025-11-21,95.16,96,4
DEV-00156,Device-156,Sales,2025-11-21,91.03,87,5
DEV-00157,Device-157,Finance,2025-11-21,92.68,88,1
DEV-00158,Device-158,HR,2025-11-21,99.73,88,0
DEV-00159,Device-159,Finance,2025-11-21,89.2,70,4
DEV-00160,Device-160,IT,2025-11-21,99.79,80,2
DEV-00161,Device-161,HR,2025-11-21,97.42,87,0
DEV-00162,Device-162,HR,2025-11-21,85.39,91,0
DEV-00163,Device-163,Finance,2025-11-21,93.66,73,3
DEV-00164,Device-164,HR,2025-11-21,95.28,81,4
DEV-00165,Device-165,Operations,2025-11-21,94.46,77,1
DEV-00166,Device-166,HR,2025-11-21,99.55,77,0
DEV-00167,Device-167,Operations,2025-11-21,91.8,83,2
DEV-00168,Device-168,Finance,2025-11-21,96.83,78,5
DEV-00169,Device-169,Sales,2025-11-21,99.04,77,3
DEV-00170,Device-170,Sales,2025-11-21,85.17,82,4
DEV-00171,Device-171,Finance,2025-11-21,95.58,91,0
DEV-00172,Device-172,HR,2025-11-21,99.26,76,1
DEV-00173,Device-173,HR,2025-11-21,96.26,79,2
DEV-00174,Device-174,Sales,2025-11-21,95.2,92,0
DEV-00175,Device-175,HR,2025-11-21,87.81,83,4
DEV-00176,Device-176,IT,2025-11-21,86.6,84,5
DEV-00177,Device-177,Sales,2025-11-21,99.84,77,0
DEV-00178,Device-178,Finance,2025-11-21,91.49,86,0
DEV-00179,Device-179,Sales,2025-11-21,97.93,78,4
DEV-00180,Device-180,IT,2025-11-21,97.64,81,3
DEV-00181,Device-181,Finance,2025-11-21,98.21,79,0
DEV-00182,Device-182,IT,2025-11-21,99.06,73,5
DEV-00183,Device-183,Sales,2025-11-21,96.02,70,1
DEV-00184,Device-184,Finance,2025-11-21,91.42,89,4
DEV-00185,Device-185,IT,2025-11-21,91.24,91,3
DEV-00186,Device-186,Sales,2025-11-21,85.86,92,2
DEV-00187,Device-187,Finance,2025-11-21,93.84,75,3
DEV-00188,Device-188,IT,2025-11-21,86.34,78,5
DEV-00189,Device-189,HR,2025-11-21,89.79,84,4
DEV-00190,Device-190,HR,2025-11-21,86.52,89,0
DEV-00191,Device-191,Operations,2025-11-21,95.45,94,1
DEV-00192,Device-192,Finance,2025-11-21,95.33,81,5
DEV-00193,Device-193,Marketing,2025-11-21,94.93,79,5
DEV-00194,Device-194,Finance,2025-11-21,96.2,82,4
DEV-00195,Device-195,Sales,2025-11-21,88.56,74,2
DEV-00196,Device-196,HR,2025-11-21,91.19,81,2
DEV-00197,Device-197,IT,2025-11-21,99.91,89,4
DEV-00198,Device-198,IT,2025-11-21,85.36,74,5
DEV-00199,Device-199,Sales,2025-11-21,93.88,70,1
DEV-00200,Device-200,Operations,2025-11-21,91.05,73,3
DEV-00201,Device-201,Marketing,2025-11-21,98.9,75,4
DEV-00202,Device-202,Finance,2025-11-21,89.89,100,1
DEV-00203,Device-203,Sales,2025-11-21,88.17,94,4
DEV-00204,Device-204,Operations,2025-11-21,93.49,84,0
DEV-00205,Device-205,Marketing,2025-11-21,97.79,79,0
DEV-00206,Device-206,Operations,2025-11-21,88.16,70,2
DEV-00207,Device-207,Sales,2025-11-21,92.04,81,4
DEV-00208,Device-208,HR,2025-11-21,95.0,85,4
DEV-00209,Device-209,Sales,2025-11-21,97.79,73,3
DEV-00210,Device-210,IT,2025-11-21,86.64,96,0
DEV-00211,Device-211,Marketing,2025-11-21,94.66,84,2
DEV-00212,Device-212,IT,2025-11-21,88.97,91,1
DEV-00213,Device-213,Marketing,2025-11-21,99.51,82,5
DEV-00214,Device-214,Marketing,2025-11-21,99.1,87,4
DEV-00215,Device-215,Sales,2025-11-21,99.19,83,4
DEV-00216,Device-216,HR,2025-11-21,92.02,82,5
DEV-00217,Device-217,Operations,2025-11-21,88.06,77,4
DEV-00218,Device-218,HR,2025-11-21,88.21,75,4
DEV-00219,Device-219,Finance,2025-11-21,90.87,89,3
DEV-00220,Device-220,Marketing,2025-11-21,97.43,95,3
DEV-00221,Device-221,Sales,2025-11-21,98.1,81,3
DEV-00222,Device-222,Marketing,2025-11-21,89.01,83,1
DEV-00223,Device-223,IT,2025-11-21,92.86,75,3
DEV-00224,Device-224,Finance,2025-11-21,99.72,98,1
DEV-00225,Device-225,IT,2025-11-21,91.48,75,3
DEV-00226,Device-226,Marketing,2025-11-21,91.57,83,4
DEV-00227,Device-227,Operations,2025-11-21,94.01,95,2
DEV-00228,Device-228,Marketing,2025-11-21,85.74,76,3
DEV-00229,Device-229,Marketing,2025-11-21,97.59,71,4
DEV-00230,Device-230,Finance,2025-11-21,88.72,80,0
DEV-00231,Device-231,HR,2025-11-21,91.44,74,0
DEV-00232,Device-232,Operations,2025-11-21,86.79,100,5
DEV-00233,Device-233,IT,2025-11-21,89.47,76,0
DEV-00234,Device-234,Finance,2025-11-21,94.22,73,0
DEV-00235,Device-235,Marketing,2025-11-21,91.45,72,1
DEV-00236,Device-236,Finance,2025-11-21,89.97,98,3
DEV-00237,Device-237,Operations,2025-11-21,97.46,78,4
DEV-00238,Device-238,Marketing,2025-11-21,89.15,78,2
DEV-00239,Device-239,Marketing,2025-11-21,87.25,78,0
DEV-00240,Device-240,IT,2025-11-21,98.42,89,4
DEV-00241,Device-241,Marketing,2025-11-21,95.05,92,5
DEV-00242,Device-242,Marketing,2025-11-21,85.49,73,3
DEV-00243,Device-243,IT,2025-11-21,88.59,92,0
DEV-00244,Device-244,Operations,2025-11-21,99.26,81,4
DEV-00245,Device-245,Finance,2025-11-21,95.94,89,1
DEV-00246,Device-246,HR,2025-11-21,88.45,74,1
DEV-00247,Device-247,IT,2025-11-21,92.47,82,2
DEV-00248,Device-248,Finance,2025-11-21,98.19,92,5
DEV-00249,Device-249,Marketing,2025-11-21,91.49,91,0
DEV-00250,Device-250,Finance,2025-11-21,93.33,98,4
DEV-00001,Device-1,HR,2025-11-20,87.11,78,0
DEV-00002,Device-2,Operations,2025-11-20,99.44,88,5
DEV-00003,Device-3,Marketing,2025-11-20,94.45,87,5
DEV-00004,Device-4,Sales,2025-11-20,98.07,99,0
DEV-00005,Device-5,Marketing,2025-11-20,86.73,80,0
DEV-00006,Device-6,IT,2025-11-20,92.0,70,2
DEV-00007,Device-7,IT,2025-11-20,93.89,82,2
DEV-00008,Device-8,Operations,2025-11-20,87.53,91,5
DEV-00009,Device-9,HR,2025-11-20,88.04,89,5
DEV-00010,Device-10,HR,2025-11-20,86.94,75,1
DEV-00011,Device-11,IT,2025-11-20,91.08,98,5
DEV-00012,Device-12,Marketing,2025-11-20,96.56,100,5
DEV-00013,Device-13,Sales,2025-11-20,94.75,93,1
DEV-00014,Device-14,HR,2025-11-20,86.82,84,2
DEV-00015,Device-15,Marketing,2025-11-20,91.31,93,3
DEV-00016,Device-16,Finance,2025-11-20,96.69,82,0
DEV-00017,Device-17,Finance,2025-11-20,93.41,81,5
DEV-00018,Device-18,Operations,2025-11-20,97.35,87,0
DEV-00019,Device-19,Finance,2025-11-20,98.52,81,2
DEV-00020,Device-20,Operations,2025-11-20,87.23,77,2
DEV-00021,Device-21,Marketing,2025-11-20,96.75,89,3
DEV-00022,Device-22,Operations,2025-11-20,86.58,74,2
DEV-00023,Device-23,HR,2025-11-20,86.83,91,2
DEV-00024,Device-24,Finance,2025-11-20,97.41,100,4
DEV-00025,Device-25,Marketing,2025-11-20,96.79,75,2
DEV-00026,Device-26,Finance,2025-11-20,85.03,79,4
DEV-00027,Device-27,Marketing,2025-11-20,91.32,95,0
DEV-00028,Device-28,Operations,2025-11-20,94.61,73,1
DEV-00029,Device-29,Marketing,2025-11-20,97.34,86,5
DEV-00030,Device-30,Sales,2025-11-20,99.06,72,4
DEV-00031,Device-31,Marketing,2025-11-20,85.79,98,2
DEV-00032,Device-32,Finance,2025-11-20,85.11,80,2
DEV-00033,Device-33,Finance,2025-11-20,86.85,88,0
DEV-00034,Device-34,HR,2025-11-20,85.24,86,5
DEV-00035,Device-35,HR,2025-11-20,95.94,88,3
DEV-00036,Device-36,HR,2025-11-20,97.93,84,1
DEV-00037,Device-37,Marketing,2025-11-20,90.07,73,0
DEV-00038,Device-38,Operations,2025-11-20,87.13,72,2
DEV-00039,Device-39,IT,2025-11-20,97.68,82,0
DEV-00040,Device-40,HR,2025-11-20,94.18,85,2
DEV-00041,Device-41,Operations,2025-11-20,99.77,81,2
DEV-00042,Device-42,Sales,2025-11-20,86.42,79,5
DEV-00043,Device-43,IT,2025-11-20,96.43,87,2
DEV-00044,Device-44,HR,2025-11-20,93.42,87,4
DEV-00045,Device-45,Finance,2025-11-20,92.77,77,2
DEV-00046,Device-46,Operations,2025-11-20,97.38,91,0
DEV-00047,Device-47,IT,2025-11-20,89.32,99,5
DEV-00048,Device-48,Operations,2025-11-20,88.52,71,3
DEV-00049,Device-49,HR,2025-11-20,96.45,83,2
DEV-00050,Device-50,IT,2025-11-20,91.96,73,2
DEV-00051,Device-51,Finance,2025-11-20,87.49,84,2
DEV-00052,Device-52,Marketing,2025-11-20,92.04,72,4
DEV-00053,Device-53,IT,2025-11-20,94.3,91,5
DEV-00054,Device-54,Finance,2025-11-20,93.94,92,2
DEV-00055,Device-55,IT,2025-11-20,85.56,83,4
DEV-00056,Device-56,IT,2025-11-20,86.67,87,0
DEV-00057,Device-57,HR,2025-11-20,85.37,95,3
DEV-00058,Device-58,IT,2025-11-20,91.45,88,3
DEV-00059,Device-59,Finance,2025-11-20,98.34,77,3
DEV-00060,Device-60,Marketing,2025-11-20,92.49,86,4
DEV-00061,Device-61,Operations,2025-11-20,93.07,87,3
DEV-00062,Device-62,Operations,2025-11-20,91.1,94,1
DEV-00063,Device-63,Sales,2025-11-20,95.66,95,2
DEV-00064,Device-64,Sales,2025-11-20,92.38,83,1
DEV-00065,Device-65,Operations,2025-11-20,86.53,73,3
DEV-00066,Device-66,HR,2025-11-20,98.39,88,0
DEV-00067,Device-67,Finance,2025-11-20,90.2,98,5
DEV-00068,Device-68,Marketing,2025-11-20,99.56,75,2
DEV-00069,Device-69,Sales,2025-11-20,97.03,77,0
DEV-00070,Device-70,Marketing,2025-11-20,87.06,89,1
DEV-00071,Device-71,HR,2025-11-20,96.85,83,4
DEV-00072,Device-72,Sales,2025-11-20,98.18,88,4
DEV-00073,Device-73,Operations,2025-11-20,88.92,96,3
DEV-00074,Device-74,Finance,2025-11-20,95.15,90,2
DEV-00075,Device-75,Sales,2025-11-20,88.36,72,5
DEV-00076,Device-76,Marketing,2025-11-20,88.52,99,3
DEV-00077,Device-77,Sales,2025-11-20,86.33,78,0
DEV-00078,Device-78,Marketing,2025-11-20,95.07,90,4
DEV-00079,Device-79,IT,2025-11-20,91.19,74,0
DEV-00080,Device-80,Finance,2025-11-20,97.8,80,5
DEV-00081,Device-81,Marketing,2025-11-20,88.09,95,2
DEV-00082,Device-82,Marketing,2025-11-20,93.01,90,5
DEV-00083,Device-83,IT,2025-11-20,94.94,75,5
DEV-00084,Device-84,Operations,2025-11-20,95.37,96,4
DEV-00085,Device-85,Sales,2025-11-20,92.21,79,5
DEV-00086,Device-86,Operations,2025-11-20,92.51,88,0
DEV-00087,Device-87,Sales,2025-11-20,97.74,94,5
DEV-00088,Device-88,Sales,2025-11-20,95.27,93,3
DEV-00089,Device-89,Marketing,2025-11-20,89.53,97,5
DEV-00090,Device-90,IT,2025-11-20,92.53,87,3
DEV-00091,Device-91,Sales,2025-11-20,90.29,93,3
DEV-00092,Device-92,Operations,2025-11-20,94.74,93,1
DEV-00093,Device-93,IT,2025-11-20,86.45,98,5
DEV-00094,Device-94,IT,2025-11-20,95.67,79,2
DEV-00095,Device-95,Finance,2025-11-20,87.99,90,0
DEV-00096,Device-96,Finance,2025-11-20,88.06,98,0
DEV-00097,Device-97,Sales,2025-11-20,97.28,82,5
DEV-00098,Device-98,HR,2025-11-20,97.66,79,5
DEV-00099,Device-99,Finance,2025-11-20,89.98,95,1
DEV-00100,Device-100,Sales,2025-11-20,96.54,79,1
DEV-00101,Device-101,Marketing,2025-11-20,88.64,75,1
DEV-00102,Device-102,HR,2025-11-20,97.2,89,2
DEV-00103,Device-103,IT,2025-11-20,90.88,83,0
DEV-00104,Device-104,IT,2025-11-20,87.37,84,0
DEV-00105,Device-105,HR,2025-11-20,96.72,75,1
DEV-00106,Device-106,IT,2025-11-20,96.44,97,5
DEV-00107,Device-107,Finance,2025-11-20,91.9,93,0
DEV-00108,Device-108,HR,2025-11-20,98.08,91,3
DEV-00109,Device-109,Sales,2025-11-20,89.52,71,3
DEV-00110,Device-110,Sales,2025-11-20,91.74,78,1
DEV-00111,Device-111,HR,2025-11-20,86.88,94,1
DEV-00112,Device-112,Marketing,2025-11-20,89.46,71,1
DEV-00113,Device-113,Marketing,2025-11-20,92.29,92,3
DEV-00114,Device-114,Marketing,2025-11-20,96.99,88,4
DEV-00115,Device-115,HR,2025-11-20,87.78,70,4
DEV-00116,Device-116,Marketing,2025-11-20,96.32,93,4
DEV-00117,Device-117,Sales,2025-11-20,90.46,97,1
DEV-00118,Device-118,IT,2025-11-20,97.89,84,0
DEV-00119,Device-119,HR,2025-11-20,92.65,95,3
DEV-00120,Device-120,IT,2025-11-20,86.41,79,5
DEV-00121,Device-121,Marketing,2025-11-20,90.45,70,5
DEV-00122,Device-122,Finance,2025-11-20,94.94,81,4
DEV-00123,Device-123,IT,2025-11-20,94.54,92,3
DEV-00124,Device-124,Finance,2025-11-20,98.71,78,3
DEV-00125,Device-125,Sales,2025-11-20,92.51,80,2
DEV-00126,Device-126,IT,2025-11-20,93.85,77,5
DEV-00127,Device-127,HR,2025-11-20,95.77,90,4
DEV-00128,Device-128,Marketing,2025-11-20,88.29,98,3
DEV-00129,Device-129,Operations,2025-11-20,90.41,98,1
DEV-00130,Device-130,Sales,2025-11-20,86.43,100,0
DEV-00131,Device-131,Finance,2025-11-20,97.17,94,5
DEV-00132,Device-132,IT,2025-11-20,91.66,70,3
DEV-00133,Device-133,IT,2025-11-20,85.72,99,5
DEV-00134,Device-134,Sales,2025-11-20,97.99,83,2
DEV-00135,Device-135,Operations,2025-11-20,91.55,79,1
DEV-00136,Device-136,Marketing,2025-11-20,93.26,81,5
DEV-00137,Device-137,IT,2025-11-20,96.76,71,0
DEV-00138,Device-138,Marketing,2025-11-20,91.04,77,4
DEV-00139,Device-139,Finance,2025-11-20,89.53,97,4
DEV-00140,Device-140,Sales,2025-11-20,94.83,91,0
DEV-00141,Device-141,Marketing,2025-11-20,87.66,93,4
DEV-00142,Device-142,Sales,2025-11-20,93.73,74,5
DEV-00143,Device-143,IT,2025-11-20,98.79,86,5
DEV-00144,Device-144,HR,2025-11-20,94.91,71,2
DEV-00145,Device-145,Operations,2025-11-20,85.71,82,0
DEV-00146,Device-146,HR,2025-11-20,90.89,97,5
DEV-00147,Device-147,HR,2025-11-20,93.28,98,3
DEV-00148,Device-148,HR,2025-11-20,99.12,99,1
DEV-00149,Device-149,HR,2025-11-20,87.02,84,5
DEV-00150,Device-150,Sales,2025-11-20,93.33,91,1
DEV-00151,Device-151,Sales,2025-11-20,87.56,93,1
DEV-00152,Device-152,HR,2025-11-20,87.87,72,0
DEV-00153,Device-153,HR,2025-11-20,96.11,95,1
DEV-00154,Device-154,Operations,2025-11-20,98.18,99,4
DEV-00155,Device-155,HR,2025-11-20,94.57,94,4
DEV-00156,Device-156,Sales,2025-11-20,87.24,78,1
DEV-00157,Device-157,Finance,2025-11-20,99.33,84,2
DEV-00158,Device-158,HR,2025-11-20,98.02,79,2
DEV-00159,Device-159,Finance,2025-11-20,91.61,75,0
DEV-00160,Device-160,IT,2025-11-20,97.96,83,0
DEV-00161,Device-161,HR,2025-11-20,87.31,89,4
DEV-00162,Device-162,HR,2025-11-20,99.59,93,4
DEV-00163,Device-163,Finance,2025-11-20,92.77,97,1
DEV-00164,Device-164,HR,2025-11-20,97.15,70,1
DEV-00165,Device-165,Operations,2025-11-20,98.63,83,3
DEV-00166,Device-166,HR,2025-11-20,97.34,77,4
DEV-00167,Device-167,Operations,2025-11-20,92.14,95,1
DEV-00168,Device-168,Finance,2025-11-20,96.1,97,2
DEV-00169,Device-169,Sales,2025-11-20,98.95,95,3
DEV-00170,Device-170,Sales,2025-11-20,95.4,91,3
DEV-00171,Device-171,Finance,2025-11-20,85.95,88,2
DEV-00172,Device-172,HR,2025-11-20,85.0,96,1
DEV-00173,Device-173,HR,2025-11-20,91.96,86,4
DEV-00174,Device-174,Sales,2025-11-20,86.07,83,0
DEV-00175,Device-175,HR,2025-11-20,96.63,73,5
DEV-00176,Device-176,IT,2025-11-20,92.6,74,1
DEV-00177,Device-177,Sales,2025-11-20,93.55,89,0
DEV-00178,Device-178,Finance,2025-11-20,87.7,79,1
DEV-00179,Device-179,Sales,2025-11-20,89.27,93,0
DEV-00180,Device-180,IT,2025-11-20,88.72,70,3
DEV-00181,Device-181,Finance,2025-11-20,99.85,82,5
DEV-00182,Device-182,IT,2025-11-20,99.34,75,3
DEV-00183,Device-183,Sales,2025-11-20,97.96,100,4
DEV-00184,Device-184,Finance,2025-11-20,88.31,77,4
DEV-00185,Device-185,IT,2025-11-20,87.43,73,3
DEV-00186,Device-186,Sales,2025-11-20,93.12,90,3
DEV-00187,Device-187,Finance,2025-11-20,95.01,95,0
DEV-00188,Device-188,IT,2025-11-20,89.36,73,2
DEV-00189,Device-189,HR,2025-11-20,93.14,95,2
DEV-00190,Device-190,HR,2025-11-20,96.56,95,0
DEV-00191,Device-191,Operations,2025-11-20,89.47,94,2
DEV-00192,Device-192,Finance,2025-11-20,85.2,74,2
DEV-00193,Device-193,Marketing,2025-11-20,88.26,70,2
DEV-00194,Device-194,Finance,2025-11-20,87.38,79,5
DEV-00195,Device-195,Sales,2025-11-20,85.32,94,4
DEV-00196,Device-196,HR,2025-11-20,93.19,89,1
DEV-00197,Device-197,IT,2025-11-20,86.09,70,4
DEV-00198,Device-198,IT,2025-11-20,90.73,81,0
DEV-00199,Device-199,Sales,2025-11-20,87.25,90,1
DEV-00200,Device-200,Operations,2025-11-20,94.71,74,3
DEV-00201,Device-201,Marketing,2025-11-20,88.21,87,1
DEV-00202,Device-202,Finance,2025-11-20,94.93,75,4
DEV-00203,Device-203,Sales,2025-11-20,91.89,78,3
DEV-00204,Device-204,Operations,2025-11-20,95.34,89,1
DEV-00205,Device-205,Marketing,2025-11-20,88.06,70,2
DEV-00206,Device-206,Operations,2025-11-20,92.75,87,4
DEV-00207,Device-207,Sales,2025-11-20,87.62,86,3
DEV-00208,Device-208,HR,2025-11-20,97.99,79,4
DEV-00209,Device-209,Sales,2025-11-20,90.65,91,4
DEV-00210,Device-210,IT,2025-11-20,97.29,97,4
DEV-00211,Device-211,Marketing,2025-11-20,92.14,82,5
DEV-00212,Device-212,IT,2025-11-20,94.65,71,0
DEV-00213,Device-213,Marketing,2025-11-20,99.67,76,4
DEV-00214,Device-214,Marketing,2025-11-20,90.36,88,2
DEV-00215,Device-215,Sales,2025-11-20,93.16,75,0
DEV-00216,Device-216,HR,2025-11-20,86.2,95,1
DEV-00217,Device-217,Operations,2025-11-20,87.59,90,5
DEV-00218,Device-218,HR,2025-11-20,86.5,78,5
DEV-00219,Device-219,Finance,2025-11-20,88.49,73,3
DEV-00220,Device-220,Marketing,2025-11-20,99.71,91,2
DEV-00221,Device-221,Sales,2025-11-20,85.34,73,1
DEV-00222,Device-222,Marketing,2025-11-20,94.65,100,0
DEV-00223,Device-223,IT,2025-11-20,86.45,78,0
DEV-00224,Device-224,Finance,2025-11-20,97.58,88,0
DEV-00225,Device-225,IT,2025-11-20,86.01,80,4
DEV-00226,Device-226,Marketing,2025-11-20,94.69,70,2
DEV-00227,Device-227,Operations,2025-11-20,98.75,75,1
DEV-00228,Device-228,Marketing,2025-11-20,98.47,71,5
DEV-00229,Device-229,Marketing,2025-11-20,92.36,74,3
DEV-00230,Device-230,Finance,2025-11-20,94.07,90,5
DEV-00231,Device-231,HR,2025-11-20,95.79,94,1
DEV-00232,Device-232,Operations,2025-11-20,95.32,75,2
DEV-00233,Device-233,IT,2025-11-20,90.13,81,0
DEV-00234,Device-234,Finance,2025-11-20,90.49,85,0
DEV-00235,Device-235,Marketing,2025-11-20,99.91,80,3
DEV-00236,Device-236,Finance,2025-11-20,88.21,95,2
DEV-00237,Device-237,Operations,2025-11-20,88.71,88,1
DEV-00238,Device-238,Marketing,2025-11-20,89.07,74,4
DEV-00239,Device-239,Marketing,2025-11-20,97.23,78,4
DEV-00240,Device-240,IT,2025-11-20,99.8,70,3
DEV-00241,Device-241,Marketing,2025-11-20,92.16,81,0
DEV-00242,Device-242,Marketing,2025-11-20,97.91,90,4
DEV-00243,Device-243,IT,2025-11-20,87.36,82,2
DEV-00244,Device-244,Operations,2025-11-20,89.78,76,4
DEV-00245,Device-245,Finance,2025-11-20,92.26,87,4
DEV-00246,Device-246,HR,2025-11-20,87.22,90,3
DEV-00247,Device-247,IT,2025-11-20,97.01,98,2
DEV-00248,Device-248,Finance,2025-11-20,94.4,74,1
DEV-00249,Device-249,Marketing,2025-11-20,87.38,88,3
DEV-00250,Device-250,Finance,2025-11-20,85.66,84,4
DEV-00001,Device-1,HR,2025-11-19,88.59,79,4
DEV-00002,Device-2,Operations,2025-11-19,95.78,92,5
DEV-00003,Device-3,Marketing,2025-11-19,87.7,88,1
DEV-00004,Device-4,Sales,2025-11-19,91.68,74,0
DEV-00005,Device-5,Marketing,2025-11-19,87.9,95,2
DEV-00006,Device-6,IT,2025-11-19,93.51,91,1
DEV-00007,Device-7,IT,2025-11-19,97.56,75,3
DEV-00008,Device-8,Operations,2025-11-19,99.41,81,5
DEV-00009,Device-9,HR,2025-11-19,96.38,93,3
DEV-00010,Device-10,HR,2025-11-19,90.41,98,5
DEV-00011,Device-11,IT,2025-11-19,87.6,73,1
DEV-00012,Device-12,Marketing,2025-11-19,97.14,99,1
DEV-00013,Device-13,Sales,2025-11-19,95.8,94,0
DEV-00014,Device-14,HR,2025-11-19,98.27,86,5
DEV-00015,Device-15,Marketing,2025-11-19,97.86,74,5
DEV-00016,Device-16,Finance,2025-11-19,98.94,76,4
DEV-00017,Device-17,Finance,2025-11-19,92.79,85,5
DEV-00018,Device-18,Operations,2025-11-19,87.91,75,2
DEV-00019,Device-19,Finance,2025-11-19,96.82,74,2
DEV-00020,Device-20,Operations,2025-11-19,85.31,85,5
DEV-00021,Device-21,Marketing,2025-11-19,98.33,96,3
DEV-00022,Device-22,Operations,2025-11-19,99.71,74,2
DEV-00023,Device-23,HR,2025-11-19,86.1,91,3
DEV-00024,Device-24,Finance,2025-11-19,87.28,84,2
DEV-00025,Device-25,Marketing,2025-11-19,91.41,81,5
DEV-00026,Device-26,Finance,2025-11-19,93.73,91,1
DEV-00027,Device-27,Marketing,2025-11-19,94.39,73,1
DEV-00028,Device-28,Operations,2025-11-19,90.73,88,5
DEV-00029,Device-29,Marketing,2025-11-19,87.95,72,3
DEV-00030,Device-30,Sales,2025-11-19,99.83,98,3
DEV-00031,Device-31,Marketing,2025-11-19,98.41,90,1
DEV-00032,Device-32,Finance,2025-11-19,97.99,92,2
DEV-00033,Device-33,Finance,2025-11-19,99.29,92,0
DEV-00034,Device-34,HR,2025-11-19,99.0,99,5
DEV-00035,Device-35,HR,2025-11-19,94.56,70,3
DEV-00036,Device-36,HR,2025-11-19,92.02,87,0
DEV-00037,Device-37,Marketing,2025-11-19,96.27,84,0
DEV-00038,Device-38,Operations,2025-11-19,91.46,94,5
DEV-00039,Device-39,IT,2025-11-19,93.95,89,5
DEV-00040,Device-40,HR,2025-11-19,89.31,72,4
DEV-00041,Device-41,Operations,2025-11-19,91.48,94,0
DEV-00042,Device-42,Sales,2025-11-19,86.01,71,5
DEV-00043,Device-43,IT,2025-11-19,99.97,87,1
DEV-00044,Device-44,HR,2025-11-19,88.86,77,4
DEV-00045,Device-45,Finance,2025-11-19,87.84,89,2
DEV-00046,Device-46,Operations,2025-11-19,98.19,95,2
DEV-00047,Device-47,IT,2025-11-19,93.5,97,5
DEV-00048,Device-48,Operations,2025-11-19,90.71,96,2
DEV-00049,Device-49,HR,2025-11-19,87.72,79,4
DEV-00050,Device-50,IT,2025-11-19,88.77,78,4
DEV-00051,Device-51,Finance,2025-11-19,86.67,87,2
DEV-00052,Device-52,Marketing,2025-11-19,97.25,78,1
DEV-00053,Device-53,IT,2025-11-19,89.87,95,4
DEV-00054,Device-54,Finance,2025-11-19,94.55,95,5
DEV-00055,Device-55,IT,2025-11-19,86.09,74,5
DEV-00056,Device-56,IT,2025-11-19,97.44,89,2
DEV-00057,Device-57,HR,2025-11-19,91.39,85,1
DEV-00058,Device-58,IT,2025-11-19,99.93,88,1
DEV-00059,Device-59,Finance,2025-11-19,92.56,92,3
DEV-00060,Device-60,Marketing,2025-11-19,95.54,98,2
DEV-00061,Device-61,Operations,2025-11-19,96.07,73,0
DEV-00062,Device-62,Operations,2025-11-19,90.22,91,0
DEV-00063,Device-63,Sales,2025-11-19,89.03,88,3
DEV-00064,Device-64,Sales,2025-11-19,98.64,76,0
DEV-00065,Device-65,Operations,2025-11-19,93.05,92,3
DEV-00066,Device-66,HR,2025-11-19,86.29,97,4
DEV-00067,Device-67,Finance,2025-11-19,85.69,71,1
DEV-00068,Device-68,Marketing,2025-11-19,86.47,85,4
DEV-00069,Device-69,Sales,2025-11-19,85.92,84,1
DEV-00070,Device-70,Marketing,2025-11-19,87.68,73,5
DEV-00071,Device-71,HR,2025-11-19,95.04,72,2
DEV-00072,Device-72,Sales,2025-11-19,90.52,70,5
DEV-00073,Device-73,Operations,2025-11-19,88.57,99,5
DEV-00074,Device-74,Finance,2025-11-19,87.12,85,3
DEV-00075,Device-75,Sales,2025-11-19,95.92,80,0
DEV-00076,Device-76,Marketing,2025-11-19,85.36,95,4
DEV-00077,Device-77,Sales,2025-11-19,89.24,73,2
DEV-00078,Device-78,Marketing,2025-11-19,98.02,94,2
DEV-00079,Device-79,IT,2025-11-19,98.57,99,1
DEV-00080,Device-80,Finance,2025-11-19,97.54,95,1
DEV-00081,Device-81,Marketing,2025-11-19,93.7,78,0
DEV-00082,Device-82,Marketing,2025-11-19,93.61,95,5
DEV-00083,Device-83,IT,2025-11-19,87.14,85,2
DEV-00084,Device-84,Operations,2025-11-19,97.44,71,3
DEV-00085,Device-85,Sales,2025-11-19,88.31,80,1
DEV-00086,Device-86,Operations,2025-11-19,86.22,92,0
DEV-00087,Device-87,Sales,2025-11-19,92.24,76,5
DEV-00088,Device-88,Sales,2025-11-19,97.22,70,2
DEV-00089,Device-89,Marketing,2025-11-19,88.92,87,3
DEV-00090,Device-90,IT,2025-11-19,85.21,95,4
DEV-00091,Device-91,Sales,2025-11-19,85.1,85,4
DEV-00092,Device-92,Operations,2025-11-19,90.83,85,5
DEV-00093,Device-93,IT,2025-11-19,91.95,99,1
DEV-00094,Device-94,IT,2025-11-19,97.9,82,3
DEV-00095,Device-95,Finance,2025-11-19,98.04,98,4
DEV-00096,Device-96,Finance,2025-11-19,90.75,73,5
DEV-00097,Device-97,Sales,2025-11-19,96.6,76,1
DEV-00098,Device-98,HR,2025-11-19,97.46,88,1
DEV-00099,Device-99,Finance,2025-11-19,85.25,83,3
DEV-00100,Device-100,Sales,2025-11-19,85.67,91,5
DEV-00101,Device-101,Marketing,2025-11-19,99.38,83,2
DEV-00102,Device-102,HR,2025-11-19,87.56,77,5
DEV-00103,Device-103,IT,2025-11-19,90.84,72,1
DEV-00104,Device-104,IT,2025-11-19,89.06,81,0
DEV-00105,Device-105,HR,2025-11-19,91.99,88,1
DEV-00106,Device-106,IT,2025-11-19,89.07,72,5
DEV-00107,Device-107,Finance,2025-11-19,85.09,98,0
DEV-00108,Device-108,HR,2025-11-19,88.75,86,5
DEV-00109,Device-109,Sales,2025-11-19,95.36,82,1
DEV-00110,Device-110,Sales,2025-11-19,88.91,78,3
DEV-00111,Device-111,HR,2025-11-19,86.32,82,4
DEV-00112,Device-112,Marketing,2025-11-19,90.1,94,1
DEV-00113,Device-113,Marketing,2025-11-19,97.1,89,2
DEV-00114,Device-114,Marketing,2025-11-19,87.92,85,5
DEV-00115,Device-115,HR,2025-11-19,98.92,98,4
DEV-00116,Device-116,Marketing,2025-11-19,95.75,83,3
DEV-00117,Device-117,Sales,2025-11-19,94.72,74,4
DEV-00118,Device-118,IT,2025-11-19,98.76,94,4
DEV-00119,Device-119,HR,2025-11-19,93.04,89,0
DEV-00120,Device-120,IT,2025-11-19,95.4,81,4
DEV-00121,Device-121,Marketing,2025-11-19,89.71,87,4
DEV-00122,Device-122,Finance,2025-11-19,90.52,98,4
DEV-00123,Device-123,IT,2025-11-19,86.61,71,3
DEV-00124,Device-124,Finance,2025-11-19,97.23,97,3
DEV-00125,Device-125,Sales,2025-11-19,90.46,98,2
DEV-00126,Device-126,IT,2025-11-19,89.94,73,3
DEV-00127,Device-127,HR,2025-11-19,98.87,72,4
DEV-00128,Device-128,Marketing,2025-11-19,89.97,100,3
DEV-00129,Device-129,Operations,2025-11-19,98.11,93,2
DEV-00130,Device-130,Sales,2025-11-19,90.95,79,5
DEV-00131,Device-131,Finance,2025-11-19,94.0,98,2
DEV-00132,Device-132,IT,2025-11-19,98.91,74,5
DEV-00133,Device-133,IT,2025-11-19,92.73,90,5
DEV-00134,Device-134,Sales,2025-11-19,99.15,78,3
DEV-00135,Device-135,Operations,2025-11-19,89.32,90,4
DEV-00136,Device-136,Marketing,2025-11-19,95.24,100,3
DEV-00137,Device-137,IT,2025-11-19,98.06,84,1
DEV-00138,Device-138,Marketing,2025-11-19,90.03,80,0
DEV-00139,Device-139,Finance,2025-11-19,88.65,97,3
DEV-00140,Device-140,Sales,2025-11-19,86.99,88,5
DEV-00141,Device-141,Marketing,2025-11-19,98.76,74,4
DEV-00142,Device-142,Sales,2025-11-19,96.22,82,1
DEV-00143,Device-143,IT,2025-11-19,92.64,87,3
DEV-00144,Device-144,HR,2025-11-19,89.1,92,0
DEV-00145,Device-145,Operations,2025-11-19,89.75,95,2
DEV-00146,Device-146,HR,2025-11-19,88.36,98,3
DEV-00147,Device-147,HR,2025-11-19,94.42,71,1
DEV-00148,Device-148,HR,2025-11-19,98.15,85,4
DEV-00149,Device-149,HR,2025-11-19,93.49,97,3
DEV-00150,Device-150,Sales,2025-11-19,99.92,78,5
DEV-00151,Device-151,Sales,2025-11-19,94.04,94,5
DEV-00152,Device-152,HR,2025-11-19,89.33,84,5
DEV-00153,Device-153,HR,2025-11-19,86.99,87,3
DEV-00154,Device-154,Operations,2025-11-19,92.83,76,1
DEV-00155,Device-155,HR,2025-11-19,95.79,87,3
DEV-00156,Device-156,Sales,2025-11-19,91.87,90,5
DEV-00157,Device-157,Finance,2025-11-19,95.76,84,5
DEV-00158,Device-158,HR,2025-11-19,85.17,91,0
DEV-00159,Device-159,Finance,2025-11-19,90.58,86,2
DEV-00160,Device-160,IT,2025-11-19,87.33,79,3
DEV-00161,Device-161,HR,2025-11-19,97.79,80,4
DEV-00162,Device-162,HR,2025-11-19,98.17,85,0
DEV-00163,Device-163,Finance,2025-11-19,98.1,76,3
DEV-00164,Device-164,HR,2025-11-19,89.4,72,2
DEV-00165,Device-165,Operations,2025-11-19,92.22,88,0
DEV-00166,Device-166,HR,2025-11-19,95.85,86,2
DEV-00167,Device-167,Operations,2025-11-19,98.75,75,0
DEV-00168,Device-168,Finance,2025-11-19,97.77,91,5
DEV-00169,Device-169,Sales,2025-11-19,89.82,87,1
DEV-00170,Device-170,Sales,2025-11-19,93.25,78,3
DEV-00171,Device-171,Finance,2025-11-19,90.0,96,5
DEV-00172,Device-172,HR,2025-11-19,99.42,71,2
DEV-00173,Device-173,HR,2025-11-19,92.98,70,2
DEV-00174,Device-174,Sales,2025-11-19,87.06,96,4
DEV-00175,Device-175,HR,2025-11-19,86.68,70,1
DEV-00176,Device-176,IT,2025-11-19,96.43,100,2
DEV-00177,Device-177,Sales,2025-11-19,92.17,83,4
DEV-00178,Device-178,Finance,2025-11-19,98.98,95,2
DEV-00179,Device-179,Sales,2025-11-19,96.23,89,5
DEV-00180,Device-180,IT,2025-11-19,87.55,87,1
DEV-00181,Device-181,Finance,2025-11-19,88.27,92,0
DEV-00182,Device-182,IT,2025-11-19,89.43,97,3
DEV-00183,Device-183,Sales,2025-11-19,97.58,72,2
DEV-00184,Device-184,Finance,2025-11-19,99.31,79,1
DEV-00185,Device-185,IT,2025-11-19,86.93,86,2
DEV-00186,Device-186,Sales,2025-11-19,96.74,82,4
DEV-00187,Device-187,Finance,2025-11-19,89.14,79,3
DEV-00188,Device-188,IT,2025-11-19,94.78,89,0
DEV-00189,Device-189,HR,2025-11-19,91.51,73,4
DEV-00190,Device-190,HR,2025-11-19,90.41,95,2
DEV-00191,Device-191,Operations,2025-11-19,91.45,75,4
DEV-00192,Device-192,Finance,2025-11-19,89.31,94,3
DEV-00193,Device-193,Marketing,2025-11-19,87.5,99,1
DEV-00194,Device-194,Finance,2025-11-19,89.73,70,2
DEV-00195,Device-195,Sales,2025-11-19,94.71,80,5
DEV-00196,Device-196,HR,2025-11-19,98.08,75,5
DEV-00197,Device-197,IT,2025-11-19,94.04,78,1
DEV-00198,Device-198,IT,2025-11-19,85.57,86,4
DEV-00199,Device-199,Sales,2025-11-19,89.31,85,4
DEV-00200,Device-200,Operations,2025-11-19,95.49,76,2
DEV-00201,Device-201,Marketing,2025-11-19,87.49,83,4
DEV-00202,Device-202,Finance,2025-11-19,94.01,87,1
DEV-00203,Device-203,Sales,2025-11-19,94.38,83,3
DEV-00204,Device-204,Operations,2025-11-19,88.71,82,2
DEV-00205,Device-205,Marketing,2025-11-19,99.91,92,5
DEV-00206,Device-206,Operations,2025-11-19,89.06,98,3
DEV-00207,Device-207,Sales,2025-11-19,91.82,72,4
DEV-00208,Device-208,HR,2025-11-19,92.04,83,4
DEV-00209,Device-209,Sales,2025-11-19,95.23,93,2
DEV-00210,Device-210,IT,2025-11-19,93.88,82,3
DEV-00211,Device-211,Marketing,2025-11-19,92.48,79,5
DEV-00212,Device-212,IT,2025-11-19,94.3,85,3
DEV-00213,Device-213,Marketing,2025-11-19,86.35,90,2
DEV-00214,Device-214,Marketing,2025-11-19,90.97,88,5
DEV-00215,Device-215,Sales,2025-11-19,99.12,78,4
DEV-00216,Device-216,HR,2025-11-19,87.65,90,0
DEV-00217,Device-217,Operations,2025-11-19,88.04,100,0
DEV-00218,Device-218,HR,2025-11-19,94.56,74,2
DEV-00219,Device-219,Finance,2025-11-19,94.16,97,2
DEV-00220,Device-220,Marketing,2025-11-19,95.46,85,2
DEV-00221,Device-221,Sales,2025-11-19,92.08,87,1
DEV-00222,Device-222,Marketing,2025-11-19,90.1,81,1
DEV-00223,Device-223,IT,2025-11-19,99.34,80,4
DEV-00224,Device-224,Finance,2025-11-19,92.43,80,4
DEV-00225,Device-225,IT,2025-11-19,97.81,70,0
DEV-00226,Device-226,Marketing,2025-11-19,96.59,78,1
DEV-00227,Device-227,Operations,2025-11-19,87.56,77,1
DEV-00228,Device-228,Marketing,2025-11-19,91.01,74,0
DEV-00229,Device-229,Marketing,2025-11-19,88.13,85,4
DEV-00230,Device-230,Finance,2025-11-19,96.59,84,1
DEV-00231,Device-231,HR,2025-11-19,88.07,90,3
DEV-00232,Device-232,Operations,2025-11-19,89.97,77,2
DEV-00233,Device-233,IT,2025-11-19,99.12,100,1
DEV-00234,Device-234,Finance,2025-11-19,97.73,95,5
DEV-00235,Device-235,Marketing,2025-11-19,93.23,95,3
DEV-00236,Device-236,Finance,2025-11-19,96.8,100,4
DEV-00237,Device-237,Operations,2025-11-19,94.14,78,3
DEV-00238,Device-238,Marketing,2025-11-19,93.13,74,0
DEV-00239,Device-239,Marketing,2025-11-19,97.83,91,5
DEV-00240,Device-240,IT,2025-11-19,88.36,92,2
DEV-00241,Device-241,Marketing,2025-11-19,95.26,72,5
DEV-00242,Device-242,Marketing,2025-11-19,98.41,74,5
DEV-00243,Device-243,IT,2025-11-19,89.91,82,4
DEV-00244,Device-244,Operations,2025-11-19,91.71,75,2
DEV-00245,Device-245,Finance,2025-11-19,97.55,92,0
DEV-00246,Device-246,HR,2025-11-19,91.05,89,4
DEV-00247,Device-247,IT,2025-11-19,87.78,80,2
DEV-00248,Device-248,Finance,2025-11-19,85.06,89,1
DEV-00249,Device-249,Marketing,2025-11-19,92.9,88,3
DEV-00250,Device-250,Finance,2025-11-19,91.67,94,5
DEV-00001,Device-1,HR,2025-11-18,88.06,89,4
DEV-00002,Device-2,Operations,2025-11-18,99.39,82,2
DEV-00003,Device-3,Marketing,2025-11-18,87.18,72,2
DEV-00004,Device-4,Sales,2025-11-18,85.13,92,4
DEV-00005,Device-5,Marketing,2025-11-18,96.99,77,5
DEV-00006,Device-6,IT,2025-11-18,90.97,94,1
DEV-00007,Device-7,IT,2025-11-18,87.07,99,4
DEV-00008,Device-8,Operations,2025-11-18,96.1,83,4
DEV-00009,Device-9,HR,2025-11-18,93.1,99,5
DEV-00010,Device-10,HR,2025-11-18,87.78,79,2
DEV-00011,Device-11,IT,2025-11-18,85.59,73,4
DEV-00012,Device-12,Marketing,2025-11-18,96.02,84,4
DEV-00013,Device-13,Sales,2025-11-18,93.9,71,5
DEV-00014,Device-14,HR,2025-11-18,91.41,95,2
DEV-00015,Device-15,Marketing,2025-11-18,89.12,100,0
DEV-00016,Device-16,Finance,2025-11-18,88.99,77,4
DEV-00017,Device-17,Finance,2025-11-18,86.55,93,4
DEV-00018,Device-18,Operations,2025-11-18,86.35,100,4
DEV-00019,Device-19,Finance,2025-11-18,99.17,80,5
DEV-00020,Device-20,Operations,2025-11-18,94.86,78,4
DEV-00021,Device-21,Marketing,2025-11-18,98.49,92,1
DEV-00022,Device-22,Operations,2025-11-18,90.41,72,2
DEV-00023,Device-23,HR,2025-11-18,96.35,81,5
DEV-00024,Device-24,Finance,2025-11-18,96.93,81,2
DEV-00025,Device-25,Marketing,2025-11-18,90.65,89,3
DEV-00026,Device-26,Finance,2025-11-18,98.88,70,3
DEV-00027,Device-27,Marketing,2025-11-18,92.54,95,3
DEV-00028,Device-28,Operations,2025-11-18,94.62,82,4
DEV-00029,Device-29,Marketing,2025-11-18,95.36,76,3
DEV-00030,Device-30,Sales,2025-11-18,88.91,84,2
DEV-00031,Device-31,Marketing,2025-11-18,98.27,74,3
DEV-00032,Device-32,Finance,2025-11-18,97.05,78,1
DEV-00033,Device-33,Finance,2025-11-18,93.28,80,4
DEV-00034,Device-34,HR,2025-11-18,99.05,77,4
DEV-00035,Device-35,HR,2025-11-18,90.27,78,0
DEV-00036,Device-36,HR,2025-11-18,91.39,79,4
DEV-00037,Device-37,Marketing,2025-11-18,88.98,77,3
DEV-00038,Device-38,Operations,2025-11-18,93.52,93,5
DEV-00039,Device-39,IT,2025-11-18,88.02,91,1
DEV-00040,Device-40,HR,2025-11-18,85.98,74,2
DEV-00041,Device-41,Operations,2025-11-18,86.25,100,3
DEV-00042,Device-42,Sales,2025-11-18,90.43,77,0
DEV-00043,Device-43,IT,2025-11-18,99.79,75,5
DEV-00044,Device-44,HR,2025-11-18,95.12,71,1
DEV-00045,Device-45,Finance,2025-11-18,96.72,73,1
DEV-00046,Device-46,Operations,2025-11-18,96.4,73,0
DEV-00047,Device-47,IT,2025-11-18,88.41,97,0
DEV-00048,Device-48,Operations,2025-11-18,87.81,78,4
DEV-00049,Device-49,HR,2025-11-18,88.74,84,3
DEV-00050,Device-50,IT,2025-11-18,88.56,88,1
DEV-00051,Device-51,Finance,2025-11-18,96.55,94,1
DEV-00052,Device-52,Marketing,2025-11-18,97.63,88,3
DEV-00053,Device-53,IT,2025-11-18,85.5,96,5
DEV-00054,Device-54,Finance,2025-11-18,92.95,75,0
DEV-00055,Device-55,IT,2025-11-18,99.51,79,4
DEV-00056,Device-56,IT,2025-11-18,89.92,91,5
DEV-00057,Device-57,HR,2025-11-18,85.87,82,1
DEV-00058,Device-58,IT,2025-11-18,97.57,73,5
DEV-00059,Device-59,Finance,2025-11-18,94.37,100,4
DEV-00060,Device-60,Marketing,2025-11-18,90.88,91,1
DEV-00061,Device-61,Operations,2025-11-18,91.02,90,5
DEV-00062,Device-62,Operations,2025-11-18,90.81,91,5
DEV-00063,Device-63,Sales,2025-11-18,87.05,87,0
DEV-00064,Device-64,Sales,2025-11-18,88.42,81,1
DEV-00065,Device-65,Operations,2025-11-18,88.64,73,2
DEV-00066,Device-66,HR,2025-11-18,85.01,73,1
DEV-00067,Device-67,Finance,2025-11-18,94.44,71,2
DEV-00068,Device-68,Marketing,2025-11-18,91.08,99,1
DEV-00069,Device-69,Sales,2025-11-18,97.16,100,2
DEV-00070,Device-70,Marketing,2025-11-18,93.69,87,0
DEV-00071,Device-71,HR,2025-11-18,96.24,98,5
DEV-00072,Device-72,Sales,2025-11-18,92.29,77,1
DEV-00073,Device-73,Operations,2025-11-18,95.38,83,2
DEV-00074,Device-74,Finance,2025-11-18,92.12,96,0
DEV-00075,Device-75,Sales,2025-11-18,93.91,73,3
DEV-00076,Device-76,Marketing,2025-11-18,94.68,83,3
DEV-00077,Device-77,Sales,2025-11-18,97.05,74,1
DEV-00078,Device-78,Marketing,2025-11-18,99.63,71,2
DEV-00079,Device-79,IT,2025-11-18,86.31,95,0
DEV-00080,Device-80,Finance,2025-11-18,98.14,99,1
DEV-00081,Device-81,Marketing,2025-11-18,88.51,79,0
DEV-00082,Device-82,Marketing,2025-11-18,91.77,88,3
DEV-00083,Device-83,IT,2025-11-18,90.92,81,4
DEV-00084,Device-84,Operations,2025-11-18,99.31,92,2
DEV-00085,Device-85,Sales,2025-11-18,91.16,86,3
DEV-00086,Device-86,Operations,2025-11-18,92.37,85,2
DEV-00087,Device-87,Sales,2025-11-18,91.02,90,2
DEV-00088,Device-88,Sales,2025-11-18,94.18,88,1
DEV-00089,Device-89,Marketing,2025-11-18,99.43,85,3
DEV-00090,Device-90,IT,2025-11-18,98.05,99,1
DEV-00091,Device-91,Sales,2025-11-18,97.26,98,3
DEV-00092,Device-92,Operations,2025-11-18,92.99,73,4
DEV-00093,Device-93,IT,2025-11-18,85.87,83,3
DEV-00094,Device-94,IT,2025-11-18,93.28,96,2
DEV-00095,Device-95,Finance,2025-11-18,91.96,79,4
DEV-00096,Device-96,Finance,2025-11-18,99.3,74,1
DEV-00097,Device-97,Sales,2025-11-18,88.31,74,3
DEV-00098,Device-98,HR,2025-11-18,91.29,71,2
DEV-00099,Device-99,Finance,2025-11-18,85.19,85,4
DEV-00100,Device-100,Sales,2025-11-18,97.57,78,3
DEV-00101,Device-101,Marketing,2025-11-18,85.34,82,3
DEV-00102,Device-102,HR,2025-11-18,86.22,90,5
DEV-00103,Device-103,IT,2025-11-18,86.3,78,4
DEV-00104,Device-104,IT,2025-11-18,85.33,95,5
DEV-00105,Device-105,HR,2025-11-18,87.46,98,3
DEV-00106,Device-106,IT,2025-11-18,87.04,71,4
DEV-00107,Device-107,Finance,2025-11-18,88.68,81,2
DEV-00108,Device-108,HR,2025-11-18,85.8,95,4
DEV-00109,Device-109,Sales,2025-11-18,92.41,97,4
DEV-00110,Device-110,Sales,2025-11-18,87.95,74,3
DEV-00111,Device-111,HR,2025-11-18,98.5,98,1
DEV-00112,Device-112,Marketing,2025-11-18,91.48,86,0
DEV-00113,Device-113,Marketing,2025-11-18,94.91,83,1
DEV-00114,Device-114,Marketing,2025-11-18,92.21,97,2
DEV-00115,Device-115,HR,2025-11-18,92.92,91,4
DEV-00116,Device-116,Marketing,2025-11-18,93.2,87,0
DEV-00117,Device-117,Sales,2025-11-18,90.68,74,4
DEV-00118,Device-118,IT,2025-11-18,85.96,98,3
DEV-00119,Device-119,HR,2025-11-18,91.7,85,2
DEV-00120,Device-120,IT,2025-11-18,99.91,85,5
DEV-00121,Device-121,Marketing,2025-11-18,95.03,76,0
DEV-00122,Device-122,Finance,2025-11-18,86.97,100,1
DEV-00123,Device-123,IT,2025-11-18,98.96,87,4
DEV-00124,Device-124,Finance,2025-11-18,97.18,86,0
DEV-00125,Device-125,Sales,2025-11-18,88.32,99,2
DEV-00126,Device-126,IT,2025-11-18,98.59,95,1
DEV-00127,Device-127,HR,2025-11-18,98.19,85,1
DEV-00128,Device-128,Marketing,2025-11-18,90.28,72,0
DEV-00129,Device-129,Operations,2025-11-18,99.14,88,4
DEV-00130,Device-130,Sales,2025-11-18,94.91,100,4
DEV-00131,Device-131,Finance,2025-11-18,89.39,98,3
DEV-00132,Device-132,IT,2025-11-18,90.42,75,4
DEV-00133,Device-133,IT,2025-11-18,96.31,81,5
DEV-00134,Device-134,Sales,2025-11-18,85.98,82,3
DEV-00135,Device-135,Operations,2025-11-18,98.56,79,1
DEV-00136,Device-136,Marketing,2025-11-18,95.64,78,0
DEV-00137,Device-137,IT,2025-11-18,98.64,85,2
DEV-00138,Device-138,Marketing,2025-11-18,89.15,75,5
DEV-00139,Device-139,Finance,2025-11-18,95.09,98,2
DEV-00140,Device-140,Sales,2025-11-18,95.99,83,1
DEV-00141,Device-141,Marketing,2025-11-18,89.76,86,4
DEV-00142,Device-142,Sales,2025-11-18,93.24,94,2
DEV-00143,Device-143,IT,2025-11-18,93.21,78,4
DEV-00144,Device-144,HR,2025-11-18,94.5,85,5
DEV-00145,Device-145,Operations,2025-11-18,92.33,82,1
DEV-00146,Device-146,HR,2025-11-18,91.39,96,0
DEV-00147,Device-147,HR,2025-11-18,95.7,83,1
DEV-00148,Device-148,HR,2025-11-18,99.02,72,5
DEV-00149,Device-149,HR,2025-11-18,87.15,98,1
DEV-00150,Device-150,Sales,2025-11-18,87.65,78,1
DEV-00151,Device-151,Sales,2025-11-18,93.73,72,2
DEV-00152,Device-152,HR,2025-11-18,88.24,71,3
DEV-00153,Device-153,HR,2025-11-18,94.2,88,3
DEV-00154,Device-154,Operations,2025-11-18,94.27,81,2
DEV-00155,Device-155,HR,2025-11-18,87.83,81,4
DEV-00156,Device-156,Sales,2025-11-18,94.74,98,3
DEV-00157,Device-157,Finance,2025-11-18,97.65,88,1
DEV-00158,Device-158,HR,2025-11-18,94.72,97,2
DEV-00159,Device-159,Finance,2025-11-18,88.75,75,3
DEV-00160,Device-160,IT,2025-11-18,98.42,94,3
DEV-00161,Device-161,HR,2025-11-18,87.07,93,2
DEV-00162,Device-162,HR,2025-11-18,90.04,71,1
DEV-00163,Device-163,Finance,2025-11-18,87.63,78,0
DEV-00164,Device-164,HR,2025-11-18,97.48,81,5
DEV-00165,Device-165,Operations,2025-11-18,87.01,76,4
DEV-00166,Device-166,HR,2025-11-18,89.45,99,0
DEV-00167,Device-167,Operations,2025-11-18,95.34,78,1
DEV-00168,Device-168,Finance,2025-11-18,93.8,100,1
DEV-00169,Device-169,Sales,2025-11-18,89.66,93,1
DEV-00170,Device-170,Sales,2025-11-18,91.48,83,0
DEV-00171,Device-171,Finance,2025-11-18,87.07,71,5
DEV-00172,Device-172,HR,2025-11-18,92.14,78,5
DEV-00173,Device-173,HR,2025-11-18,87.51,74,0
DEV-00174,Device-174,Sales,2025-11-18,96.93,91,2
DEV-00175,Device-175,HR,2025-11-18,90.69,78,3
DEV-00176,Device-176,IT,2025-11-18,93.91,74,2
DEV-00177,Device-177,Sales,2025-11-18,95.56,81,1
DEV-00178,Device-178,Finance,2025-11-18,95.74,76,0
DEV-00179,Device-179,Sales,2025-11-18,97.36,87,3
DEV-00180,Device-180,IT,2025-11-18,86.69,76,5
DEV-00181,Device-181,Finance,2025-11-18,87.73,73,5
DEV-00182,Device-182,IT,2025-11-18,95.34,88,4
DEV-00183,Device-183,Sales,2025-11-18,91.3,100,3
DEV-00184,Device-184,Finance,2025-11-18,87.62,76,3
DEV-00185,Device-185,IT,2025-11-18,85.15,82,0
DEV-00186,Device-186,Sales,2025-11-18,92.53,74,5
DEV-00187,Device-187,Finance,2025-11-18,98.35,99,0
DEV-00188,Device-188,IT,2025-11-18,86.15,90,0
DEV-00189,Device-189,HR,2025-11-18,86.29,96,1
DEV-00190,Device-190,HR,2025-11-18,93.48,87,0
DEV-00191,Device-191,Operations,2025-11-18,98.84,75,4
DEV-00192,Device-192,Finance,2025-11-18,97.41,84,3
DEV-00193,Device-193,Marketing,2025-11-18,87.94,87,0
DEV-00194,Device-194,Finance,2025-11-18,97.21,80,4
DEV-00195,Device-195,Sales,2025-11-18,91.9,92,0
DEV-00196,Device-196,HR,2025-11-18,98.17,99,3
DEV-00197,Device-197,IT,2025-11-18,89.81,78,4
DEV-00198,Device-198,IT,2025-11-18,95.43,73,2
DEV-00199,Device-199,Sales,2025-11-18,85.63,96,2
DEV-00200,Device-200,Operations,2025-11-18,88.25,88,4
DEV-00201,Device-201,Marketing,2025-11-18,90.06,83,4
DEV-00202,Device-202,Finance,2025-11-18,94.24,72,2
DEV-00203,Device-203,Sales,2025-11-18,99.1,70,2
DEV-00204,Device-204,Operations,2025-11-18,95.15,85,0
DEV-00205,Device-205,Marketing,2025-11-18,96.64,94,0
DEV-00206,Device-206,Operations,2025-11-18,90.14,78,5
DEV-00207,Device-207,Sales,2025-11-18,92.64,82,1
DEV-00208,Device-208,HR,2025-11-18,98.82,93,1
DEV-00209,Device-209,Sales,2025-11-18,89.29,96,3
DEV-00210,Device-210,IT,2025-11-18,90.45,100,3
DEV-00211,Device-211,Marketing,2025-11-18,95.26,100,2
DEV-00212,Device-212,IT,2025-11-18,94.39,98,1
DEV-00213,Device-213,Marketing,2025-11-18,86.53,92,0
DEV-00214,Device-214,Marketing,2025-11-18,93.34,73,3
DEV-00215,Device-215,Sales,2025-11-18,96.35,71,3
DEV-00216,Device-216,HR,2025-11-18,91.99,99,3
DEV-00217,Device-217,Operations,2025-11-18,97.9,84,4
DEV-00218,Device-218,HR,2025-11-18,92.95,92,2
DEV-00219,Device-219,Finance,2025-11-18,86.27,97,2
DEV-00220,Device-220,Marketing,2025-11-18,93.66,70,1
DEV-00221,Device-221,Sales,2025-11-18,89.45,80,4
DEV-00222,Device-222,Marketing,2025-11-18,88.99,94,5
DEV-00223,Device-223,IT,2025-11-18,85.63,94,0
DEV-00224,Device-224,Finance,2025-11-18,85.15,97,4
DEV-00225,Device-225,IT,2025-11-18,96.32,90,3
DEV-00226,Device-226,Marketing,2025-11-18,94.17,99,2
DEV-00227,Device-227,Operations,2025-11-18,86.85,81,1
DEV-00228,Device-228,Marketing,2025-11-18,92.76,96,1
DEV-00229,Device-229,Marketing,2025-11-18,95.29,100,2
DEV-00230,Device-230,Finance,2025-11-18,87.95,74,2
DEV-00231,Device-231,HR,2025-11-18,94.48,100,5
DEV-00232,Device-232,Operations,2025-11-18,95.25,84,5
DEV-00233,Device-233,IT,2025-11-18,85.77,78,1
DEV-00234,Device-234,Finance,2025-11-18,91.99,98,0
DEV-00235,Device-235,Marketing,2025-11-18,97.14,90,2
DEV-00236,Device-236,Finance,2025-11-18,87.8,76,2
DEV-00237,Device-237,Operations,2025-11-18,90.51,84,0
DEV-00238,Device-238,Marketing,2025-11-18,96.42,70,5
DEV-00239,Device-239,Marketing,2025-11-18,97.58,100,5
DEV-00240,Device-240,IT,2025-11-18,89.9,85,1
DEV-00241,Device-241,Marketing,2025-11-18,94.21,74,5
DEV-00242,Device-242,Marketing,2025-11-18,88.8,99,0
DEV-00243,Device-243,IT,2025-11-18,91.25,96,4
DEV-00244,Device-244,Operations,2025-11-18,93.54,94,5
DEV-00245,Device-245,Finance,2025-11-18,85.63,73,5
DEV-00246,Device-246,HR,2025-11-18,93.19,95,5
DEV-00247,Device-247,IT,2025-11-18,93.32,85,1
DEV-00248,Device-248,Finance,2025-11-18,97.77,92,4
DEV-00249,Device-249,Marketing,2025-11-18,97.91,89,4
DEV-00250,Device-250,Finance,2025-11-18,90.57,100,2
DEV-00001,Device-1,HR,2025-11-17,98.01,79,4
DEV-00002,Device-2,Operations,2025-11-17,85.15,95,5
DEV-00003,Device-3,Marketing,2025-11-17,89.35,92,0
DEV-00004,Device-4,Sales,2025-11-17,97.44,79,2
DEV-00005,Device-5,Marketing,2025-11-17,89.86,78,5
DEV-00006,Device-6,IT,2025-11-17,93.64,93,2
DEV-00007,Device-7,IT,2025-11-17,88.98,86,4
DEV-00008,Device-8,Operations,2025-11-17,91.33,96,3
DEV-00009,Device-9,HR,2025-11-17,95.54,79,1
DEV-00010,Device-10,HR,2025-11-17,95.66,85,0
DEV-00011,Device-11,IT,2025-11-17,87.18,83,4
DEV-00012,Device-12,Marketing,2025-11-17,87.63,98,5
DEV-00013,Device-13,Sales,2025-11-17,88.92,78,3
DEV-00014,Device-14,HR,2025-11-17,99.67,71,3
DEV-00015,Device-15,Marketing,2025-11-17,92.43,99,2
DEV-00016,Device-16,Finance,2025-11-17,99.59,76,1
DEV-00017,Device-17,Finance,2025-11-17,94.07,80,2
DEV-00018,Device-18,Operations,2025-11-17,85.26,98,4
DEV-00019,Device-19,Finance,2025-11-17,92.11,74,1
DEV-00020,Device-20,Operations,2025-11-17,87.44,76,2
DEV-00021,Device-21,Marketing,2025-11-17,91.93,78,0
DEV-00022,Device-22,Operations,2025-11-17,95.23,91,3
DEV-00023,Device-23,HR,2025-11-17,91.7,80,5
DEV-00024,Device-24,Finance,2025-11-17,90.57,92,1
DEV-00025,Device-25,Marketing,2025-11-17,89.61,75,0
DEV-00026,Device-26,Finance,2025-11-17,90.37,78,5
DEV-00027,Device-27,Marketing,2025-11-17,89.09,73,5
DEV-00028,Device-28,Operations,2025-11-17,98.0,72,3
DEV-00029,Device-29,Marketing,2025-11-17,85.03,77,4
DEV-00030,Device-30,Sales,2025-11-17,86.63,96,1
DEV-00031,Device-31,Marketing,2025-11-17,93.86,86,1
DEV-00032,Device-32,Finance,2025-11-17,94.61,96,4
DEV-00033,Device-33,Finance,2025-11-17,85.64,86,5
DEV-00034,Device-34,HR,2025-11-17,97.48,91,4
DEV-00035,Device-35,HR,2025-11-17,92.28,99,2
DEV-00036,Device-36,HR,2025-11-17,91.04,93,4
DEV-00037,Device-37,Marketing,2025-11-17,97.03,97,1
DEV-00038,Device-38,Operations,2025-11-17,90.13,96,2
DEV-00039,Device-39,IT,2025-11-17,90.31,77,2
DEV-00040,Device-40,HR,2025-11-17,86.61,100,4
DEV-00041,Device-41,Operations,2025-11-17,90.11,72,0
DEV-00042,Device-42,Sales,2025-11-17,87.35,76,0
DEV-00043,Device-43,IT,2025-11-17,87.03,98,3
DEV-00044,Device-44,HR,2025-11-17,90.21,86,5
DEV-00045,Device-45,Finance,2025-11-17,89.62,93,1
DEV-00046,Device-46,Operations,2025-11-17,98.42,88,5
DEV-00047,Device-47,IT,2025-11-17,92.89,85,5
DEV-00048,Device-48,Operations,2025-11-17,85.3,88,3
DEV-00049,Device-49,HR,2025-11-17,93.47,99,2
DEV-00050,Device-50,IT,2025-11-17,95.85,93,4
DEV-00051,Device-51,Finance,2025-11-17,95.96,100,4
DEV-00052,Device-52,Marketing,2025-11-17,97.47,74,3
DEV-00053,Device-53,IT,2025-11-17,86.15,96,5
DEV-00054,Device-54,Finance,2025-11-17,93.79,84,4
DEV-00055,Device-55,IT,2025-11-17,99.8,95,5
DEV-00056,Device-56,IT,2025-11-17,91.32,93,0
DEV-00057,Device-57,HR,2025-11-17,95.0,83,5
DEV-00058,Device-58,IT,2025-11-17,98.76,82,0
DEV-00059,Device-59,Finance,2025-11-17,87.71,76,0
DEV-00060,Device-60,Marketing,2025-11-17,98.32,92,5
DEV-00061,Device-61,Operations,2025-11-17,91.11,95,1
DEV-00062,Device-62,Operations,2025-11-17,96.54,83,3
DEV-00063,Device-63,Sales,2025-11-17,98.2,94,4
DEV-00064,Device-64,Sales,2025-11-17,98.23,79,2
DEV-00065,Device-65,Operations,2025-11-17,90.24,94,1
DEV-00066,Device-66,HR,2025-11-17,92.52,90,5
DEV-00067,Device-67,Finance,2025-11-17,96.57,78,3
DEV-00068,Device-68,Marketing,2025-11-17,87.96,80,2
DEV-00069,Device-69,Sales,2025-11-17,93.87,88,4
DEV-00070,Device-70,Marketing,2025-11-17,97.46,97,4
DEV-00071,Device-71,HR,2025-11-17,96.54,81,2
DEV-00072,Device-72,Sales,2025-11-17,93.36,76,3
DEV-00073,Device-73,Operations,2025-11-17,98.65,90,3
DEV-00074,Device-74,Finance,2025-11-17,97.0,78,4
DEV-00075,Device-75,Sales,2025-11-17,98.21,72,0
DEV-00076,Device-76,Marketing,2025-11-17,93.89,85,2
DEV-00077,Device-77,Sales,2025-11-17,93.94,82,5
DEV-00078,Device-78,Marketing,2025-11-17,99.88,93,1
DEV-00079,Device-79,IT,2025-11-17,94.41,97,3
DEV-00080,Device-80,Finance,2025-11-17,93.07,77,2
DEV-00081,Device-81,Marketing,2025-11-17,94.09,85,3
DEV-00082,Device-82,Marketing,2025-11-17,94.36,76,2
DEV-00083,Device-83,IT,2025-11-17,98.14,93,5
DEV-00084,Device-84,Operations,2025-11-17,85.6,71,3
DEV-00085,Device-85,Sales,2025-11-17,98.1,76,2
DEV-00086,Device-86,Operations,2025-11-17,96.45,89,1
DEV-00087,Device-87,Sales,2025-11-17,94.63,80,3
DEV-00088,Device-88,Sales,2025-11-17,98.89,78,3
DEV-00089,Device-89,Marketing,2025-11-17,93.52,100,5
DEV-00090,Device-90,IT,2025-11-17,98.06,86,2
DEV-00091,Device-91,Sales,2025-11-17,92.83,95,3
DEV-00092,Device-92,Operations,2025-11-17,89.98,92,2
DEV-00093,Device-93,IT,2025-11-17,97.41,87,0
DEV-00094,Device-94,IT,2025-11-17,98.56,73,5
DEV-00095,Device-95,Finance,2025-11-17,87.68,74,2
DEV-00096,Device-96,Finance,2025-11-17,97.97,93,5
DEV-00097,Device-97,Sales,2025-11-17,89.55,99,5
DEV-00098,Device-98,HR,2025-11-17,85.66,85,1
DEV-00099,Device-99,Finance,2025-11-17,95.31,86,0
DEV-00100,Device-100,Sales,2025-11-17,86.86,73,0
DEV-00101,Device-101,Marketing,2025-11-17,89.1,79,1
DEV-00102,Device-102,HR,2025-11-17,94.52,99,1
DEV-00103,Device-103,IT,2025-11-17,86.09,95,0
DEV-00104,Device-104,IT,2025-11-17,95.06,95,2
DEV-00105,Device-105,HR,2025-11-17,85.37,75,4
DEV-00106,Device-106,IT,2025-11-17,99.38,73,0
DEV-00107,Device-107,Finance,2025-11-17,85.48,76,0
DEV-00108,Device-108,HR,2025-11-17,96.3,83,3
DEV-00109,Device-109,Sales,2025-11-17,99.83,97,2
DEV-00110,Device-110,Sales,2025-11-17,95.32,81,1
DEV-00111,Device-111,HR,2025-11-17,91.88,85,5
DEV-00112,Device-112,Marketing,2025-11-17,87.73,72,2
DEV-00113,Device-113,Marketing,2025-11-17,89.87,76,2
DEV-00114,Device-114,Marketing,2025-11-17,95.43,72,2
DEV-00115,Device-115,HR,2025-11-17,94.97,70,4
DEV-00116,Device-116,Marketing,2025-11-17,99.58,99,0
DEV-00117,Device-117,Sales,2025-11-17,98.36,88,0
DEV-00118,Device-118,IT,2025-11-17,85.7,95,3
DEV-00119,Device-119,HR,2025-11-17,92.8,88,5
DEV-00120,Device-120,IT,2025-11-17,93.19,95,3
DEV-00121,Device-121,Marketing,2025-11-17,99.85,99,3
DEV-00122,Device-122,Finance,2025-11-17,86.74,95,3
DEV-00123,Device-123,IT,2025-11-17,85.4,73,4
DEV-00124,Device-124,Finance,2025-11-17,96.2,70,1
DEV-00125,Device-125,Sales,2025-11-17,86.24,87,3
DEV-00126,Device-126,IT,2025-11-17,96.98,95,1
DEV-00127,Device-127,HR,2025-11-17,94.89,98,2
DEV-00128,Device-128,Marketing,2025-11-17,95.15,100,0
DEV-00129,Device-129,Operations,2025-11-17,94.37,97,4
DEV-00130,Device-130,Sales,2025-11-17,97.8,72,1
DEV-00131,Device-131,Finance,2025-11-17,96.17,92,4
DEV-00132,Device-132,IT,2025-11-17,87.43,70,5
DEV-00133,Device-133,IT,2025-11-17,97.81,84,0
DEV-00134,Device-134,Sales,2025-11-17,85.52,91,2
DEV-00135,Device-135,Operations,2025-11-17,91.06,78,1
DEV-00136,Device-136,Marketing,2025-11-17,99.58,84,2
DEV-00137,Device-137,IT,2025-11-17,99.54,85,5
DEV-00138,Device-138,Marketing,2025-11-17,89.59,87,0
DEV-00139,Device-139,Finance,2025-11-17,93.7,73,5
DEV-00140,Device-140,Sales,2025-11-17,90.18,85,2
DEV-00141,Device-141,Marketing,2025-11-17,85.7,87,4
DEV-00142,Device-142,Sales,2025-11-17,95.96,89,3
DEV-00143,Device-143,IT,2025-11-17,92.29,86,3
DEV-00144,Device-144,HR,2025-11-17,96.99,78,2
DEV-00145,Device-145,Operations,2025-11-17,91.88,70,5
DEV-00146,Device-146,HR,2025-11-17,87.63,84,3
DEV-00147,Device-147,HR,2025-11-17,94.98,98,3
DEV-00148,Device-148,HR,2025-11-17,92.33,83,5
DEV-00149,Device-149,HR,2025-11-17,85.42,90,5
DEV-00150,Device-150,Sales,2025-11-17,95.74,94,3
DEV-00151,Device-151,Sales,2025-11-17,96.25,78,2
DEV-00152,Device-152,HR,2025-11-17,96.76,75,4
DEV-00153,Device-153,HR,2025-11-17,90.28,92,3
DEV-00154,Device-154,Operations,2025-11-17,90.77,81,3
DEV-00155,Device-155,HR,2025-11-17,93.17,81,1
DEV-00156,Device-156,Sales,2025-11-17,94.03,98,1
DEV-00157,Device-157,Finance,2025-11-17,93.38,90,1
DEV-00158,Device-158,HR,2025-11-17,91.91,92,0
DEV-00159,Device-159,Finance,2025-11-17,98.85,77,0
DEV-00160,Device-160,IT,2025-11-17,93.24,75,5
DEV-00161,Device-161,HR,2025-11-17,90.07,96,0
DEV-00162,Device-162,HR,2025-11-17,98.53,90,1
DEV-00163,Device-163,Finance,2025-11-17,91.58,76,4
DEV-00164,Device-164,HR,2025-11-17,90.12,94,0
DEV-00165,Device-165,Operations,2025-11-17,91.35,72,1
DEV-00166,Device-166,HR,2025-11-17,91.72,80,5
DEV-00167,Device-167,Operations,2025-11-17,96.33,82,5
DEV-00168,Device-168,Finance,2025-11-17,85.79,92,3
DEV-00169,Device-169,Sales,2025-11-17,97.41,85,2
DEV-00170,Device-170,Sales,2025-11-17,93.5,91,4
DEV-00171,Device-171,Finance,2025-11-17,91.82,78,5
DEV-00172,Device-172,HR,2025-11-17,88.75,70,0
DEV-00173,Device-173,HR,2025-11-17,98.95,95,3
DEV-00174,Device-174,Sales,2025-11-17,98.52,86,3
DEV-00175,Device-175,HR,2025-11-17,94.84,72,5
DEV-00176,Device-176,IT,2025-11-17,93.69,74,3
DEV-00177,Device-177,Sales,2025-11-17,96.3,95,0
DEV-00178,Device-178,Finance,2025-11-17,87.4,96,0
DEV-00179,Device-179,Sales,2025-11-17,85.95,82,2
DEV-00180,Device-180,IT,2025-11-17,88.97,100,4
DEV-00181,Device-181,Finance,2025-11-17,86.2,93,2
DEV-00182,Device-182,IT,2025-11-17,89.29,85,4
DEV-00183,Device-183,Sales,2025-11-17,88.68,84,1
DEV-00184,Device-184,Finance,2025-11-17,87.56,90,3
DEV-00185,Device-185,IT,2025-11-17,99.26,81,1
DEV-00186,Device-186,Sales,2025-11-17,99.81,82,5
DEV-00187,Device-187,Finance,2025-11-17,97.88,98,3
DEV-00188,Device-188,IT,2025-11-17,99.86,85,3
DEV-00189,Device-189,HR,2025-11-17,86.73,75,3
DEV-00190,Device-190,HR,2025-11-17,94.24,89,1
DEV-00191,Device-191,Operations,2025-11-17,85.33,89,3
DEV-00192,Device-192,Finance,2025-11-17,90.46,95,1
DEV-00193,Device-193,Marketing,2025-11-17,86.93,83,3
DEV-00194,Device-194,Finance,2025-11-17,99.6,80,3
DEV-00195,Device-195,Sales,2025-11-17,87.59,82,2
DEV-00196,Device-196,HR,2025-11-17,89.69,86,0
DEV-00197,Device-197,IT,2025-11-17,90.17,76,5
DEV-00198,Device-198,IT,2025-11-17,93.69,85,0
DEV-00199,Device-199,Sales,2025-11-17,94.45,92,0
DEV-00200,Device-200,Operations,2025-11-17,98.45,98,5
DEV-00201,Device-201,Marketing,2025-11-17,95.86,78,3
DEV-00202,Device-202,Finance,2025-11-17,98.31,93,1
DEV-00203,Device-203,Sales,2025-11-17,99.49,92,0
DEV-00204,Device-204,Operations,2025-11-17,96.44,95,5
DEV-00205,Device-205,Marketing,2025-11-17,85.49,87,1
DEV-00206,Device-206,Operations,2025-11-17,96.33,84,2
DEV-00207,Device-207,Sales,2025-11-17,87.67,76,5
DEV-00208,Device-208,HR,2025-11-17,99.48,71,3
DEV-00209,Device-209,Sales,2025-11-17,89.69,73,5
DEV-00210,Device-210,IT,2025-11-17,87.76,70,4
DEV-00211,Device-211,Marketing,2025-11-17,93.26,80,3
DEV-00212,Device-212,IT,2025-11-17,90.46,71,0
DEV-00213,Device-213,Marketing,2025-11-17,92.61,91,3
DEV-00214,Device-214,Marketing,2025-11-17,95.78,74,2
DEV-00215,Device-215,Sales,2025-11-17,85.05,90,2
DEV-00216,Device-216,HR,2025-11-17,87.96,84,2
DEV-00217,Device-217,Operations,2025-11-17,95.69,83,4
DEV-00218,Device-218,HR,2025-11-17,97.24,74,0
DEV-00219,Device-219,Finance,2025-11-17,91.89,85,3
DEV-00220,Device-220,Marketing,2025-11-17,98.22,81,2
DEV-00221,Device-221,Sales,2025-11-17,99.7,80,5
DEV-00222,Device-222,Marketing,2025-11-17,91.76,83,2
DEV-00223,Device-223,IT,2025-11-17,92.22,86,1
DEV-00224,Device-224,Finance,2025-11-17,100.0,93,4
DEV-00225,Device-225,IT,2025-11-17,97.81,93,1
DEV-00226,Device-226,Marketing,2025-11-17,93.02,100,0
DEV-00227,Device-227,Operations,2025-11-17,97.34,73,0
DEV-00228,Device-228,Marketing,2025-11-17,85.93,75,0
DEV-00229,Device-229,Marketing,2025-11-17,87.07,90,2
DEV-00230,Device-230,Finance,2025-11-17,95.28,85,0
DEV-00231,Device-231,HR,2025-11-17,85.55,95,2
DEV-00232,Device-232,Operations,2025-11-17,95.25,78,1
DEV-00233,Device-233,IT,2025-11-17,89.98,92,2
DEV-00234,Device-234,Finance,2025-11-17,90.74,71,1
DEV-00235,Device-235,Marketing,2025-11-17,86.64,96,2
DEV-00236,Device-236,Finance,2025-11-17,88.16,94,1
DEV-00237,Device-237,Operations,2025-11-17,85.89,71,4
DEV-00238,Device-238,Marketing,2025-11-17,86.79,79,4
DEV-00239,Device-239,Marketing,2025-11-17,98.67,77,2
DEV-00240,Device-240,IT,2025-11-17,95.67,81,2
DEV-00241,Device-241,Marketing,2025-11-17,94.61,84,2
DEV-00242,Device-242,Marketing,2025-11-17,90.52,79,1
DEV-00243,Device-243,IT,2025-11-17,97.34,95,4
DEV-00244,Device-244,Operations,2025-11-17,87.32,75,2
DEV-00245,Device-245,Finance,2025-11-17,85.37,77,1
DEV-00246,Device-246,HR,2025-11-17,91.89,79,3
DEV-00247,Device-247,IT,2025-11-17,95.47,86,4
DEV-00248,Device-248,Finance,2025-11-17,90.68,90,5
DEV-00249,Device-249,Marketing,2025-11-17,98.38,97,4
DEV-00250,Device-250,Finance,2025-11-17,89.27,100,5
